TimeStemp,EventTimeStemp,Linear Acc(x),Linear Acc(y),Linear Acc(z),Angular Vel(x),Angular Vel(y),Angular Vel(z),Rotation(x),Rotation(y),Rotation(z),POR(Point Of Regard)(x),POR(Point Of Regard)(y),IOD(Interocular Distance),IPD(Interpupillary Distance),Gaze Direction(x),Gaze Direction(y),Gaze Direction(z),Gaze Base Point(x),Gaze Base Point(y),Gaze Base Point(z),Left POR(Point Of Regard)(x),Left POR(Point Of Regard)(y),Left Gaze Direction(x),Left Gaze Direction(y),Left Gaze Direction(z),Left Gaze Base Point(x),Left Gaze Base Point(y),Left Gaze Base Point(z),Left Pupil Positioon(x),Left Pupil Positioon(y),Left Pupil Positioon(z),Left Pupil Radius,Left Eye Lens Distance,Left Eye Screen Distance,Right POR(Point Of Regard)(x),Right POR(Point Of Regard)(y),Right Gaze Direction(x),Right Gaze Direction(y),Right Gaze Direction(z),Right Gaze Base Point(x),Right Gaze Base Point(y),Right Gaze Base Point(z),Right Pupil Positioon(x),Right Pupil Positioon(y),Right Pupil Positioon(z),Right Pupil Radius,Right Eye Lens Distance,Right Eye Screen Distance
0.009998322,20,0.134212,0.03202649,0.03273025,0.000417046,0.001719661,-0.0042336,-0.8985575,0.4303968,-0.318792,0,236.25,NaN,NaN,NaN,NaN,NaN,NaN,NaN,NaN,0,236.25,0,0,0,0,0,0,NaN,NaN,NaN,NaN,31.86550015,58.44957228,0,236.25,0,0,0,0,0,0,NaN,NaN,NaN,NaN,31.86550015,58.44957228
0.01999664,,0.02989361,0.03131204,0.04442271,0.000450179,-0.002511906,0.001083578,-0.8990292,0.429165,-0.3178803,0,236.25,NaN,NaN,NaN,NaN,NaN,NaN,NaN,NaN,0,236.25,0,0,0,0,0,0,NaN,NaN,NaN,NaN,31.86550015,58.44957228,0,236.25,0,0,0,0,0,0,NaN,NaN,NaN,NaN,31.86550015,58.44957228
0.02999878,,-0.03082716,0.1161968,0.004010103,0.000435717,-0.003519703,-0.003216947,-0.8989581,0.4282837,-0.3192301,0,236.25,NaN,NaN,NaN,NaN,NaN,NaN,NaN,NaN,0,236.25,0,0,0,0,0,0,NaN,NaN,NaN,NaN,31.86550015,58.44957228,0,236.25,0,0,0,0,0,0,NaN,NaN,NaN,NaN,31.86550015,58.44957228
0.0399971,,-0.03082716,0.1161968,0.004010103,0.000435717,-0.003519703,-0.003216947,-0.8989581,0.4282837,-0.3192301,0,236.25,NaN,NaN,NaN,NaN,NaN,NaN,NaN,NaN,0,236.25,0,0,0,0,0,0,NaN,NaN,NaN,NaN,31.86550015,58.44957228,0,236.25,0,0,0,0,0,0,NaN,NaN,NaN,NaN,31.86550015,58.44957228
0.04999924,,0.04117109,0.2078177,0.01676948,0.004608557,-0.001479933,-0.001028124,-0.9000089,0.4276786,-0.3197663,0,236.25,NaN,NaN,NaN,NaN,NaN,NaN,NaN,NaN,0,236.25,0,0,0,0,0,0,NaN,NaN,NaN,NaN,31.86550015,58.44957228,0,236.25,0,0,0,0,0,0,NaN,NaN,NaN,NaN,31.86550015,58.44957228
0.05999756,,0.07827847,0.04240834,0.1224152,-0.001780789,0.002842063,-0.002122602,-0.9000371,0.4269404,-0.3195276,0,236.25,NaN,NaN,NaN,NaN,NaN,NaN,NaN,NaN,0,236.25,0,0,0,0,0,0,NaN,NaN,NaN,NaN,31.86550015,58.44957228,0,236.25,0,0,0,0,0,0,NaN,NaN,NaN,NaN,31.86550015,58.44957228
0.06999969,,0.0379784,0.0980493,0.0285292,0.000436828,0.00067874,0.002187842,-0.8995413,0.4278672,-0.3198797,0,236.25,NaN,NaN,NaN,NaN,NaN,NaN,NaN,NaN,0,236.25,0,0,0,0,0,0,NaN,NaN,NaN,NaN,31.86550015,58.44957228,0,236.25,0,0,0,0,0,0,NaN,NaN,NaN,NaN,31.86550015,58.44957228
0.07999802,,0.0379784,0.0980493,0.0285292,0.000436828,0.00067874,0.002187842,-0.8995413,0.4278672,-0.3198797,0,236.25,NaN,NaN,NaN,NaN,NaN,NaN,NaN,NaN,0,236.25,0,0,0,0,0,0,NaN,NaN,NaN,NaN,31.86550015,58.44957228,0,236.25,0,0,0,0,0,0,NaN,NaN,NaN,NaN,31.86550015,58.44957228
0.09000015,,0.003863481,0.1300322,-0.0461907,0.002522521,0.004951987,-0.001020946,-0.8987401,0.4284965,-0.3196253,0,236.25,NaN,NaN,NaN,NaN,NaN,NaN,NaN,NaN,0,236.25,0,0,0,0,0,0,NaN,NaN,NaN,NaN,31.86550015,58.44957228,0,236.25,0,0,0,0,0,0,NaN,NaN,NaN,NaN,31.86550015,58.44957228
0.09999847,,0.03748103,0.120681,-0.04848441,0.000405952,-0.003582228,0.004270465,-0.8987095,0.4279432,-0.3201979,0,236.25,NaN,NaN,NaN,NaN,NaN,NaN,NaN,NaN,0,236.25,0,0,0,0,0,0,NaN,NaN,NaN,NaN,31.86550015,58.44957228,0,236.25,0,0,0,0,0,0,NaN,NaN,NaN,NaN,31.86550015,58.44957228
0.1099968,,-0.03010765,0.1439279,-0.05394474,-0.000711866,-0.002603902,-0.001032416,-0.8990005,0.4264776,-0.3205244,0,236.25,NaN,NaN,NaN,NaN,NaN,NaN,NaN,NaN,0,236.25,0,0,0,0,0,0,NaN,NaN,NaN,NaN,31.86550015,58.44957228,0,236.25,0,0,0,0,0,0,NaN,NaN,NaN,NaN,31.86550015,58.44957228
0.1199989,,-0.03010765,0.1439279,-0.05394474,-0.000711866,-0.002603902,-0.001032416,-0.8990005,0.4264776,-0.3205244,0,236.25,NaN,NaN,NaN,NaN,NaN,NaN,NaN,NaN,0,236.25,0,0,0,0,0,0,NaN,NaN,NaN,NaN,31.86550015,58.44957228,0,236.25,0,0,0,0,0,0,NaN,NaN,NaN,NaN,31.86550015,58.44957228
0.1299973,,0.07514322,0.1065184,-0.06046777,-0.00180148,0.000622474,0.003178462,-0.8999155,0.4268401,-0.3209199,0,236.25,NaN,NaN,NaN,NaN,NaN,NaN,NaN,NaN,0,236.25,0,0,0,0,0,0,NaN,NaN,NaN,NaN,31.86550015,58.44957228,0,236.25,0,0,0,0,0,0,NaN,NaN,NaN,NaN,31.86550015,58.44957228
0.1399994,,0.03609988,0.1070976,-0.000279032,-0.003862429,0.000703125,-0.003201292,-0.8992133,0.4271353,-0.3211068,0,236.25,NaN,NaN,NaN,NaN,NaN,NaN,NaN,NaN,0,236.25,0,0,0,0,0,0,NaN,NaN,NaN,NaN,31.86550015,58.44957228,0,236.25,0,0,0,0,0,0,NaN,NaN,NaN,NaN,31.86550015,58.44957228
0.1499977,,-0.146632,0.1064577,0.05993162,0.003490634,0.002798039,-0.003228158,-0.8993162,0.4276375,-0.3206737,0,236.25,NaN,NaN,NaN,NaN,NaN,NaN,NaN,NaN,0,236.25,0,0,0,0,0,0,NaN,NaN,NaN,NaN,31.86550015,58.44957228,0,236.25,0,0,0,0,0,0,NaN,NaN,NaN,NaN,31.86550015,58.44957228
0.1599998,,-0.146632,0.1064577,0.05993162,0.003490634,0.002798039,-0.003228158,-0.8993162,0.4276375,-0.3206737,0,236.25,NaN,NaN,NaN,NaN,NaN,NaN,NaN,NaN,0,236.25,0,0,0,0,0,0,NaN,NaN,NaN,NaN,31.86550015,58.44957228,0,236.25,0,0,0,0,0,0,NaN,NaN,NaN,NaN,31.86550015,58.44957228
0.1699982,,0.03131026,0.1608196,0.07569412,0.000401966,0.001721844,-0.003223311,-0.9001966,0.4273716,-0.3204578,0,236.25,NaN,NaN,NaN,NaN,NaN,NaN,NaN,NaN,0,236.25,0,0,0,0,0,0,NaN,NaN,NaN,NaN,31.86550015,58.44957228,0,236.25,0,0,0,0,0,0,NaN,NaN,NaN,NaN,31.86550015,58.44957228
0.1799965,,0.001923546,0.08643537,-0.08403263,0.001418531,-0.004643939,0.001085277,-0.9003815,0.4268305,-0.3203962,0,236.25,NaN,NaN,NaN,NaN,NaN,NaN,NaN,NaN,0,236.25,0,0,0,0,0,0,NaN,NaN,NaN,NaN,31.86550015,58.44957228,0,236.25,0,0,0,0,0,0,NaN,NaN,NaN,NaN,31.86550015,58.44957228
0.1899986,,-0.0698844,-0.02319118,-0.02459122,-0.000669837,0.00068152,-0.002111637,-0.8999521,0.4261858,-0.3206533,0,236.25,NaN,NaN,NaN,NaN,NaN,NaN,NaN,NaN,0,236.25,0,0,0,0,0,0,NaN,NaN,NaN,NaN,31.86550015,58.44957228,0,236.25,0,0,0,0,0,0,NaN,NaN,NaN,NaN,31.86550015,58.44957228
0.1999969,,-0.0698844,-0.02319118,-0.02459122,-0.000669837,0.00068152,-0.002111637,-0.8999521,0.4261858,-0.3206533,0,236.25,NaN,NaN,NaN,NaN,NaN,NaN,NaN,NaN,0,236.25,0,0,0,0,0,0,NaN,NaN,NaN,NaN,31.86550015,58.44957228,0,236.25,0,0,0,0,0,0,NaN,NaN,NaN,NaN,31.86550015,58.44957228
0.2099991,,-0.05674662,0.01968641,-0.04034902,-0.003884714,0.000659771,-0.00102348,-0.8996559,0.4263944,-0.3204835,0,236.25,NaN,NaN,NaN,NaN,NaN,NaN,NaN,NaN,0,236.25,0,0,0,0,0,0,NaN,NaN,NaN,NaN,31.86550015,58.44957228,0,236.25,0,0,0,0,0,0,NaN,NaN,NaN,NaN,31.86550015,58.44957228
0.2199974,,0.01992007,0.03000119,-0.03632525,0.003509372,0.001747551,-0.003226546,-0.8987395,0.4261714,-0.3208388,0,236.25,NaN,NaN,NaN,NaN,NaN,NaN,NaN,NaN,0,236.25,0,0,0,0,0,0,NaN,NaN,NaN,NaN,31.86550015,58.44957228,0,236.25,0,0,0,0,0,0,NaN,NaN,NaN,NaN,31.86550015,58.44957228
0.2299995,,0.04423861,0.08391047,0.04240911,0.008908711,0.006052527,-0.002124024,-0.8997015,0.4260007,-0.3219726,0,236.25,NaN,NaN,NaN,NaN,NaN,NaN,NaN,NaN,0,236.25,0,0,0,0,0,0,NaN,NaN,NaN,NaN,31.86550015,58.44957228,0,236.25,0,0,0,0,0,0,NaN,NaN,NaN,NaN,31.86550015,58.44957228
0.2399979,,0.04423861,0.08391047,0.04240911,0.008908711,0.006052527,-0.002124024,-0.8997015,0.4260007,-0.3219726,0,236.25,NaN,NaN,NaN,NaN,NaN,NaN,NaN,NaN,0,236.25,0,0,0,0,0,0,NaN,NaN,NaN,NaN,31.86550015,58.44957228,0,236.25,0,0,0,0,0,0,NaN,NaN,NaN,NaN,31.86550015,58.44957228
0.25,,0.03292718,0.03082241,0.01055475,0.002509288,-0.002549063,0.00427717,-0.9006383,0.4235886,-0.3206428,0,236.25,NaN,NaN,NaN,NaN,NaN,NaN,NaN,NaN,0,236.25,0,0,0,0,0,0,NaN,NaN,NaN,NaN,31.86550015,58.44957228,0,236.25,0,0,0,0,0,0,NaN,NaN,NaN,NaN,31.86550015,58.44957228
0.2599983,,0.06803923,0.1319543,0.04519066,-0.000701368,-0.00467106,-2.84E-05,-0.8996201,0.424964,-0.3217752,0,236.25,NaN,NaN,NaN,NaN,NaN,NaN,NaN,NaN,0,236.25,0,0,0,0,0,0,NaN,NaN,NaN,NaN,31.86550015,58.44957228,0,236.25,0,0,0,0,0,0,NaN,NaN,NaN,NaN,31.86550015,58.44957228
0.2699966,,0.02251432,0.1118635,0.005581996,0.002495952,-0.00256609,-0.002132402,-0.8983722,0.425383,-0.3228253,0,236.25,NaN,NaN,NaN,NaN,NaN,NaN,NaN,NaN,0,236.25,0,0,0,0,0,0,NaN,NaN,NaN,NaN,31.86550015,58.44957228,0,236.25,0,0,0,0,0,0,NaN,NaN,NaN,NaN,31.86550015,58.44957228
0.2799988,,0.02251432,0.1118635,0.005581996,0.002495952,-0.00256609,-0.002132402,-0.8983722,0.425383,-0.3228253,0,236.25,NaN,NaN,NaN,NaN,NaN,NaN,NaN,NaN,0,236.25,0,0,0,0,0,0,NaN,NaN,NaN,NaN,31.86550015,58.44957228,0,236.25,0,0,0,0,0,0,NaN,NaN,NaN,NaN,31.86550015,58.44957228
0.2899971,,-0.08519009,0.09124099,-0.03456507,-0.000676818,-0.001409053,0.004278097,-0.8980161,0.4241328,-0.3223253,0,236.25,NaN,NaN,NaN,NaN,NaN,NaN,NaN,NaN,0,236.25,0,0,0,0,0,0,NaN,NaN,NaN,NaN,31.86550015,58.44957228,0,236.25,0,0,0,0,0,0,NaN,NaN,NaN,NaN,31.86550015,58.44957228
0.2999992,,0.04605261,0.1417467,0.07074701,-0.000694566,0.000654288,-3.11E-05,-0.8966655,0.423738,-0.3227016,0,236.25,NaN,NaN,NaN,NaN,NaN,NaN,NaN,NaN,0,236.25,0,0,0,0,0,0,NaN,NaN,NaN,NaN,31.86550015,58.44957228,0,236.25,0,0,0,0,0,0,NaN,NaN,NaN,NaN,31.86550015,58.44957228
0.3099976,,-0.02649147,0.06536847,0.1198722,-0.001819152,-0.000394065,-4.24E-05,-0.8977296,0.4227875,-0.321946,0,236.25,NaN,NaN,NaN,NaN,NaN,NaN,NaN,NaN,0,236.25,0,0,0,0,0,0,NaN,NaN,NaN,NaN,31.86550015,58.44957228,0,236.25,0,0,0,0,0,0,NaN,NaN,NaN,NaN,31.86550015,58.44957228
0.3199997,,0.06655621,0.07304846,-0.05900213,-0.002807319,-0.004669624,0.001063765,-0.8977296,0.4227875,-0.321946,0,236.25,NaN,NaN,NaN,NaN,NaN,NaN,NaN,NaN,0,236.25,0,0,0,0,0,0,NaN,NaN,NaN,NaN,31.86550015,58.44957228,0,236.25,0,0,0,0,0,0,NaN,NaN,NaN,NaN,31.86550015,58.44957228
0.329998,,0.02629709,0.1164741,-0.009052627,0.000414811,-0.000330344,0.00217755,-0.8973398,0.423308,-0.3233461,0,236.25,NaN,NaN,NaN,NaN,NaN,NaN,NaN,NaN,0,236.25,0,0,0,0,0,0,NaN,NaN,NaN,NaN,31.86550015,58.44957228,0,236.25,0,0,0,0,0,0,NaN,NaN,NaN,NaN,31.86550015,58.44957228
0.3399963,,-0.1203412,0.02357975,-0.06459953,0.00140889,0.006057437,-0.003225517,-0.8974322,0.4243435,-0.3233335,0,236.25,NaN,NaN,NaN,NaN,NaN,NaN,NaN,NaN,0,236.25,0,0,0,0,0,0,NaN,NaN,NaN,NaN,31.86550015,58.44957228,0,236.25,0,0,0,0,0,0,NaN,NaN,NaN,NaN,31.86550015,58.44957228
0.3499985,,-0.1609752,0.1099236,-0.02009371,-0.003906567,0.001737419,0.005368229,-0.8976316,0.4236266,-0.3230215,0,236.25,NaN,NaN,NaN,NaN,NaN,NaN,NaN,NaN,0,236.25,0,0,0,0,0,0,NaN,NaN,NaN,NaN,31.86550015,58.44957228,0,236.25,0,0,0,0,0,0,NaN,NaN,NaN,NaN,31.86550015,58.44957228
0.3599968,,-0.1609752,0.1099236,-0.02009371,-0.003906567,0.001737419,0.005368229,-0.8976316,0.4236266,-0.3230215,0,236.25,NaN,NaN,NaN,NaN,NaN,NaN,NaN,NaN,0,236.25,0,0,0,0,0,0,NaN,NaN,NaN,NaN,31.86550015,58.44957228,0,236.25,0,0,0,0,0,0,NaN,NaN,NaN,NaN,31.86550015,58.44957228
0.3699989,,-0.06419627,0.02486445,-0.01102594,0.000415683,-0.001423204,-1.94E-05,-0.896529,0.42393,-0.3238684,0,236.25,NaN,NaN,NaN,NaN,NaN,NaN,NaN,NaN,0,236.25,0,0,0,0,0,0,NaN,NaN,NaN,NaN,31.86550015,58.44957228,0,236.25,0,0,0,0,0,0,NaN,NaN,NaN,NaN,31.86550015,58.44957228
0.3799973,,-0.07073602,0.07232245,-0.03043199,-0.007090237,0.004964577,0.001077496,-0.8973284,0.4244932,-0.3241001,0,236.25,NaN,NaN,NaN,NaN,NaN,NaN,NaN,NaN,0,236.25,0,0,0,0,0,0,NaN,NaN,NaN,NaN,31.86550015,58.44957228,0,236.25,0,0,0,0,0,0,NaN,NaN,NaN,NaN,31.86550015,58.44957228
0.3899994,,0.04481838,0.08885705,0.0525769,-0.000680722,-0.000322266,-0.001020086,-0.8969224,0.4259528,-0.3238463,0,236.25,NaN,NaN,NaN,NaN,NaN,NaN,NaN,NaN,0,236.25,0,0,0,0,0,0,NaN,NaN,NaN,NaN,31.86550015,58.44957228,0,236.25,0,0,0,0,0,0,NaN,NaN,NaN,NaN,31.86550015,58.44957228
0.3999977,,0.04481838,0.08885705,0.0525769,-0.000680722,-0.000322266,-0.001020086,-0.8969224,0.4259528,-0.3238463,0,236.25,NaN,NaN,NaN,NaN,NaN,NaN,NaN,NaN,0,236.25,0,0,0,0,0,0,NaN,NaN,NaN,NaN,31.86550015,58.44957228,0,236.25,0,0,0,0,0,0,NaN,NaN,NaN,NaN,31.86550015,58.44957228
0.4099998,,0.0440501,0.06844881,-0.03342727,0.000436924,0.006113961,0.005393832,-0.8964949,0.4257079,-0.324064,0,236.25,NaN,NaN,NaN,NaN,NaN,NaN,NaN,NaN,0,236.25,0,0,0,0,0,0,NaN,NaN,NaN,NaN,31.86550015,58.44957228,0,236.25,0,0,0,0,0,0,NaN,NaN,NaN,NaN,31.86550015,58.44957228
0.4199982,,0.04418099,0.1067186,-0.02904372,0.001420349,-0.000320254,-0.001014757,-0.8965668,0.4248232,-0.3231284,0,236.25,NaN,NaN,NaN,NaN,NaN,NaN,NaN,NaN,0,236.25,0,0,0,0,0,0,NaN,NaN,NaN,NaN,31.86550015,58.44957228,0,236.25,0,0,0,0,0,0,NaN,NaN,NaN,NaN,31.86550015,58.44957228
0.4299965,,-0.07361932,0.08703499,-0.001584692,0.00143192,0.000698919,0.003190811,-0.8964203,0.4240941,-0.3236645,0,236.25,NaN,NaN,NaN,NaN,NaN,NaN,NaN,NaN,0,236.25,0,0,0,0,0,0,NaN,NaN,NaN,NaN,31.86550015,58.44957228,0,236.25,0,0,0,0,0,0,NaN,NaN,NaN,NaN,31.86550015,58.44957228
0.4399986,,-0.07361932,0.08703499,-0.001584692,0.00143192,0.000698919,0.003190811,-0.8964203,0.4240941,-0.3236645,0,236.25,NaN,NaN,NaN,NaN,NaN,NaN,NaN,NaN,0,236.25,0,0,0,0,0,0,NaN,NaN,NaN,NaN,31.86550015,58.44957228,0,236.25,0,0,0,0,0,0,NaN,NaN,NaN,NaN,31.86550015,58.44957228
0.4499969,,0.005784855,0.1123196,0.04521915,-0.003876571,-0.002524812,-0.002116564,-0.8961309,0.4248669,-0.3236512,0,236.25,NaN,NaN,NaN,NaN,NaN,NaN,NaN,NaN,0,236.25,0,0,0,0,0,0,NaN,NaN,NaN,NaN,31.86550015,58.44957228,0,236.25,0,0,0,0,0,0,NaN,NaN,NaN,NaN,31.86550015,58.44957228
0.4599991,,-0.07899074,0.1671738,-0.06967661,-0.000676572,0.000675187,-0.001016564,-0.8968098,0.4264921,-0.3248437,0,236.25,NaN,NaN,NaN,NaN,NaN,NaN,NaN,NaN,0,236.25,0,0,0,0,0,0,NaN,NaN,NaN,NaN,31.86550015,58.44957228,0,236.25,0,0,0,0,0,0,NaN,NaN,NaN,NaN,31.86550015,58.44957228
0.4699974,,-0.01550171,0.0685864,0.008767052,-0.003868964,0.001800065,0.002190336,-0.8977007,0.4260826,-0.3250003,0,236.25,NaN,NaN,NaN,NaN,NaN,NaN,NaN,NaN,0,236.25,0,0,0,0,0,0,NaN,NaN,NaN,NaN,31.86550015,58.44957228,0,236.25,0,0,0,0,0,0,NaN,NaN,NaN,NaN,31.86550015,58.44957228
0.4799995,,-0.01550171,0.0685864,0.008767052,-0.003868964,0.001800065,0.002190336,-0.8977007,0.4260826,-0.3250003,0,236.25,NaN,NaN,NaN,NaN,NaN,NaN,NaN,NaN,0,236.25,0,0,0,0,0,0,NaN,NaN,NaN,NaN,31.86550015,58.44957228,0,236.25,0,0,0,0,0,0,NaN,NaN,NaN,NaN,31.86550015,58.44957228
0.4899979,,-0.07464945,0.1261662,0.05967302,-0.001792949,0.001736457,0.002183043,-0.8980246,0.4263747,-0.3256069,0,236.25,NaN,NaN,NaN,NaN,NaN,NaN,NaN,NaN,0,236.25,0,0,0,0,0,0,NaN,NaN,NaN,NaN,31.86550015,58.44957228,0,236.25,0,0,0,0,0,0,NaN,NaN,NaN,NaN,31.86550015,58.44957228
0.5,,-0.04456909,0.06241017,-0.06595813,-0.000676379,-0.003529327,-0.003208367,-0.898842,0.42638,-0.325373,0,236.25,NaN,NaN,NaN,NaN,NaN,NaN,NaN,NaN,0,236.25,0,0,0,0,0,0,NaN,NaN,NaN,NaN,31.86550015,58.44957228,0,236.25,0,0,0,0,0,0,NaN,NaN,NaN,NaN,31.86550015,58.44957228
0.5099983,,0.1187369,-0.002030636,0.005249601,0.001445308,0.005009254,-0.005300524,-0.8998869,0.4263413,-0.3258475,0,236.25,NaN,NaN,NaN,NaN,NaN,NaN,NaN,NaN,0,236.25,0,0,0,0,0,0,NaN,NaN,NaN,NaN,31.86550015,58.44957228,0,236.25,0,0,0,0,0,0,NaN,NaN,NaN,NaN,31.86550015,58.44957228
0.5199966,,0.144283,0.07036094,0.03578089,0.002512179,0.000640824,0.002182298,-0.8998869,0.4263413,-0.3258475,0,236.25,NaN,NaN,NaN,NaN,NaN,NaN,NaN,NaN,0,236.25,0,0,0,0,0,0,NaN,NaN,NaN,NaN,31.86550015,58.44957228,0,236.25,0,0,0,0,0,0,NaN,NaN,NaN,NaN,31.86550015,58.44957228
0.5299988,,-0.04845384,0.04829928,-0.05125489,0.00251364,0.001738869,-0.001014696,-0.9001851,0.4263712,-0.3251857,0,236.25,NaN,NaN,NaN,NaN,NaN,NaN,NaN,NaN,0,236.25,0,0,0,0,0,0,NaN,NaN,NaN,NaN,31.86550015,58.44957228,0,236.25,0,0,0,0,0,0,NaN,NaN,NaN,NaN,31.86550015,58.44957228
0.5399971,,-0.05164731,0.00658665,0.03571562,0.000442043,0.000697523,2.89E-08,-0.9003041,0.4270945,-0.3252199,0,236.25,NaN,NaN,NaN,NaN,NaN,NaN,NaN,NaN,0,236.25,0,0,0,0,0,0,NaN,NaN,NaN,NaN,31.86550015,58.44957228,0,236.25,0,0,0,0,0,0,NaN,NaN,NaN,NaN,31.86550015,58.44957228
0.5499992,,-0.04739202,0.0687135,0.03434535,-0.001772959,-0.00252593,0.001099586,-0.9008723,0.4268249,-0.3251171,0,236.25,NaN,NaN,NaN,NaN,NaN,NaN,NaN,NaN,0,236.25,0,0,0,0,0,0,NaN,NaN,NaN,NaN,31.86550015,58.44957228,0,236.25,0,0,0,0,0,0,NaN,NaN,NaN,NaN,31.86550015,58.44957228
0.5599976,,-0.04739202,0.0687135,0.03434535,-0.001772959,-0.00252593,0.001099586,-0.9008723,0.4268249,-0.3251171,0,236.25,NaN,NaN,NaN,NaN,NaN,NaN,NaN,NaN,0,236.25,0,0,0,0,0,0,NaN,NaN,NaN,NaN,31.86550015,58.44957228,0,236.25,0,0,0,0,0,0,NaN,NaN,NaN,NaN,31.86550015,58.44957228
0.5699997,,0.008555074,0.1310803,0.02006948,-0.003861312,0.003903742,8.68E-06,-0.9013575,0.4264257,-0.3255587,0,236.25,NaN,NaN,NaN,NaN,NaN,NaN,NaN,NaN,0,236.25,0,0,0,0,0,0,NaN,NaN,NaN,NaN,31.86550015,58.44957228,0,236.25,0,0,0,0,0,0,NaN,NaN,NaN,NaN,31.86550015,58.44957228
0.579998,,0.01930989,0.1447347,-0.02869297,-0.001773145,0.000679302,-0.003197459,-0.9006349,0.4275912,-0.3259334,0,236.25,NaN,NaN,NaN,NaN,NaN,NaN,NaN,NaN,0,236.25,0,0,0,0,0,0,NaN,NaN,NaN,NaN,31.86550015,58.44957228,0,236.25,0,0,0,0,0,0,NaN,NaN,NaN,NaN,31.86550015,58.44957228
0.5899963,,0.01964656,0.06717903,-0.1042399,0.002512783,-0.007859497,-0.001003841,-0.9009475,0.428152,-0.3258391,0,236.25,NaN,NaN,NaN,NaN,NaN,NaN,NaN,NaN,0,236.25,0,0,0,0,0,0,NaN,NaN,NaN,NaN,31.86550015,58.44957228,0,236.25,0,0,0,0,0,0,NaN,NaN,NaN,NaN,31.86550015,58.44957228
0.5999985,,0.01964656,0.06717903,-0.1042399,0.002512783,-0.007859497,-0.001003841,-0.9009475,0.428152,-0.3258391,0,236.25,NaN,NaN,NaN,NaN,NaN,NaN,NaN,NaN,0,236.25,0,0,0,0,0,0,NaN,NaN,NaN,NaN,31.86550015,58.44957228,0,236.25,0,0,0,0,0,0,NaN,NaN,NaN,NaN,31.86550015,58.44957228
0.6099968,,0.07370958,0.02109406,-0.0209928,-0.000681214,-0.000334032,-0.003195334,-0.9011335,0.4269877,-0.3270696,0,236.25,NaN,NaN,NaN,NaN,NaN,NaN,NaN,NaN,0,236.25,0,0,0,0,0,0,NaN,NaN,NaN,NaN,31.86550015,58.44957228,0,236.25,0,0,0,0,0,0,NaN,NaN,NaN,NaN,31.86550015,58.44957228
0.6199989,,0.001659891,0.1114222,-0.01263908,-0.000663467,0.002902628,0.001113867,-0.9013056,0.4267299,-0.3263685,0,236.25,NaN,NaN,NaN,NaN,NaN,NaN,NaN,NaN,0,236.25,0,0,0,0,0,0,NaN,NaN,NaN,NaN,31.86550015,58.44957228,0,236.25,0,0,0,0,0,0,NaN,NaN,NaN,NaN,31.86550015,58.44957228
0.6299973,,-0.05476623,-0.0169709,0.06028878,0.003520988,0.000676599,-0.004193326,-0.9007371,0.4270838,-0.325495,0,236.25,NaN,NaN,NaN,NaN,NaN,NaN,NaN,NaN,0,236.25,0,0,0,0,0,0,NaN,NaN,NaN,NaN,31.86550015,58.44957228,0,236.25,0,0,0,0,0,0,NaN,NaN,NaN,NaN,31.86550015,58.44957228
0.6399994,,-0.05476623,-0.0169709,0.06028878,0.003520988,0.000676599,-0.004193326,-0.9007371,0.4270838,-0.325495,0,236.25,NaN,NaN,NaN,NaN,NaN,NaN,NaN,NaN,0,236.25,0,0,0,0,0,0,NaN,NaN,NaN,NaN,31.86550015,58.44957228,0,236.25,0,0,0,0,0,0,NaN,NaN,NaN,NaN,31.86550015,58.44957228
0.6499977,,-0.04082875,0.07775485,0.000337961,-0.004977211,0.002875552,-0.003194926,-0.9012023,0.42737,-0.326153,0,236.25,NaN,NaN,NaN,NaN,NaN,NaN,NaN,NaN,0,236.25,0,0,0,0,0,0,NaN,NaN,NaN,NaN,31.86550015,58.44957228,0,236.25,0,0,0,0,0,0,NaN,NaN,NaN,NaN,31.86550015,58.44957228
0.6599998,,0.03546248,0.0486419,-0.07627153,0.003506221,0.000641337,0.004296484,-0.9015142,0.4308118,-0.3256066,0,236.25,NaN,NaN,NaN,NaN,NaN,NaN,NaN,NaN,0,236.25,0,0,0,0,0,0,NaN,NaN,NaN,NaN,31.86550015,58.44957228,0,236.25,0,0,0,0,0,0,NaN,NaN,NaN,NaN,31.86550015,58.44957228
0.6699982,,0.005831714,0.02633565,0.04585503,-0.001766559,-0.001403059,0.005405536,-0.9005443,0.4302452,-0.3259821,0,236.25,NaN,NaN,NaN,NaN,NaN,NaN,NaN,NaN,0,236.25,0,0,0,0,0,0,NaN,NaN,NaN,NaN,31.86550015,58.44957228,0,236.25,0,0,0,0,0,0,NaN,NaN,NaN,NaN,31.86550015,58.44957228
0.6799965,,0.07821915,0.1589981,-0.07124954,-0.000666559,-0.004603058,-0.004194463,-0.9005443,0.4302452,-0.3259821,0,236.25,NaN,NaN,NaN,NaN,NaN,NaN,NaN,NaN,0,236.25,0,0,0,0,0,0,NaN,NaN,NaN,NaN,31.86550015,58.44957228,0,236.25,0,0,0,0,0,0,NaN,NaN,NaN,NaN,31.86550015,58.44957228
0.6899986,,-0.03962827,-0.0176564,0.006368746,0.002526306,-0.002502167,0.002214797,-0.9007371,0.4299156,-0.3271547,0,236.25,NaN,NaN,NaN,NaN,NaN,NaN,NaN,NaN,0,236.25,0,0,0,0,0,0,NaN,NaN,NaN,NaN,31.86550015,58.44957228,0,236.25,0,0,0,0,0,0,NaN,NaN,NaN,NaN,31.86550015,58.44957228
0.6999969,,-0.01925008,0.1157025,-0.03538037,0.001431033,0.000707609,-0.004182748,-0.901463,0.4294612,-0.3260553,0,236.25,NaN,NaN,NaN,NaN,NaN,NaN,NaN,NaN,0,236.25,0,0,0,0,0,0,NaN,NaN,NaN,NaN,31.86550015,58.44957228,0,236.25,0,0,0,0,0,0,NaN,NaN,NaN,NaN,31.86550015,58.44957228
0.7099991,,0.1632291,0.04072214,-0.0370225,-0.001809407,-0.002560778,0.006401663,-0.901939,0.4279978,-0.3259723,0,236.25,NaN,NaN,NaN,NaN,NaN,NaN,NaN,NaN,0,236.25,0,0,0,0,0,0,NaN,NaN,NaN,NaN,31.86550015,58.44957228,0,236.25,0,0,0,0,0,0,NaN,NaN,NaN,NaN,31.86550015,58.44957228
0.7199974,,0.1632291,0.04072214,-0.0370225,-0.001809407,-0.002560778,0.006401663,-0.901939,0.4279978,-0.3259723,0,236.25,NaN,NaN,NaN,NaN,NaN,NaN,NaN,NaN,0,236.25,0,0,0,0,0,0,NaN,NaN,NaN,NaN,31.86550015,58.44957228,0,236.25,0,0,0,0,0,0,NaN,NaN,NaN,NaN,31.86550015,58.44957228
0.7299995,,-0.04187189,0.0583569,-0.01857549,-0.002792917,-0.00253598,-0.002092157,-0.9006681,0.4283831,-0.3274162,0,236.25,NaN,NaN,NaN,NaN,NaN,NaN,NaN,NaN,0,236.25,0,0,0,0,0,0,NaN,NaN,NaN,NaN,31.86550015,58.44957228,0,236.25,0,0,0,0,0,0,NaN,NaN,NaN,NaN,31.86550015,58.44957228
0.7399979,,-0.0111873,0.08677769,-0.05452931,0.002529569,0.002910454,0.0043195,-0.901576,0.4298463,-0.3276532,0,236.25,NaN,NaN,NaN,NaN,NaN,NaN,NaN,NaN,0,236.25,0,0,0,0,0,0,NaN,NaN,NaN,NaN,31.86550015,58.44957228,0,236.25,0,0,0,0,0,0,NaN,NaN,NaN,NaN,31.86550015,58.44957228
0.75,,0.02561622,0.1500202,-0.000544996,-0.003865872,0.000710769,-0.005285813,-0.9004246,0.4299714,-0.3272231,0,236.25,NaN,NaN,NaN,NaN,NaN,NaN,NaN,NaN,0,236.25,0,0,0,0,0,0,NaN,NaN,NaN,NaN,31.86550015,58.44957228,0,236.25,0,0,0,0,0,0,NaN,NaN,NaN,NaN,31.86550015,58.44957228
0.7599983,,0.02561622,0.1500202,-0.000544996,-0.003865872,0.000710769,-0.005285813,-0.9004246,0.4299714,-0.3272231,0,236.25,NaN,NaN,NaN,NaN,NaN,NaN,NaN,NaN,0,236.25,0,0,0,0,0,0,NaN,NaN,NaN,NaN,31.86550015,58.44957228,0,236.25,0,0,0,0,0,0,NaN,NaN,NaN,NaN,31.86550015,58.44957228
0.7699966,,0.03430694,0.09359363,0.05229758,-0.001785722,-0.001438038,-0.004189129,-0.9013782,0.4307094,-0.3270936,0,236.25,NaN,NaN,NaN,NaN,NaN,NaN,NaN,NaN,0,236.25,0,0,0,0,0,0,NaN,NaN,NaN,NaN,31.86550015,58.44957228,0,236.25,0,0,0,0,0,0,NaN,NaN,NaN,NaN,31.86550015,58.44957228
0.7799988,,-0.02325722,0.0845091,0.1183363,-0.001767967,0.003898622,-0.000979927,-0.9022032,0.431277,-0.3275526,0,236.25,NaN,NaN,NaN,NaN,NaN,NaN,NaN,NaN,0,236.25,0,0,0,0,0,0,NaN,NaN,NaN,NaN,31.86550015,58.44957228,0,236.25,0,0,0,0,0,0,NaN,NaN,NaN,NaN,31.86550015,58.44957228
0.7899971,,-0.04613191,0.13991,-0.000781792,0.000428684,-0.004598715,-0.005278549,-0.9034542,0.4306733,-0.3271944,0,236.25,NaN,NaN,NaN,NaN,NaN,NaN,NaN,NaN,0,236.25,0,0,0,0,0,0,NaN,NaN,NaN,NaN,31.86550015,58.44957228,0,236.25,0,0,0,0,0,0,NaN,NaN,NaN,NaN,31.86550015,58.44957228
0.7999992,,-0.04613191,0.13991,-0.000781792,0.000428684,-0.004598715,-0.005278549,-0.9034542,0.4306733,-0.3271944,0,236.25,NaN,NaN,NaN,NaN,NaN,NaN,NaN,NaN,0,236.25,0,0,0,0,0,0,NaN,NaN,NaN,NaN,31.86550015,58.44957228,0,236.25,0,0,0,0,0,0,NaN,NaN,NaN,NaN,31.86550015,58.44957228
0.8099976,,0.001061096,0.08367082,0.04933366,0.00671041,0.002862377,0.003218295,-0.9047065,0.4298575,-0.3281348,0,236.25,NaN,NaN,NaN,NaN,NaN,NaN,NaN,NaN,0,236.25,0,0,0,0,0,0,NaN,NaN,NaN,NaN,31.86550015,58.44957228,0,236.25,0,0,0,0,0,0,NaN,NaN,NaN,NaN,31.86550015,58.44957228
0.8199997,,0.08388859,-0.001481605,0.05954021,-0.008200243,-0.001459619,1.28E-05,-0.9045746,0.4274244,-0.326849,0,236.25,NaN,NaN,NaN,NaN,NaN,NaN,NaN,NaN,0,236.25,0,0,0,0,0,0,NaN,NaN,NaN,NaN,31.86550015,58.44957228,0,236.25,0,0,0,0,0,0,NaN,NaN,NaN,NaN,31.86550015,58.44957228
0.829998,,0.0617665,0.0685176,-0.04051625,-0.005980678,-0.003522258,-0.003175922,-0.9046544,0.4296617,-0.327976,0,236.25,NaN,NaN,NaN,NaN,NaN,NaN,NaN,NaN,0,236.25,0,0,0,0,0,0,NaN,NaN,NaN,NaN,31.86550015,58.44957228,0,236.25,0,0,0,0,0,0,NaN,NaN,NaN,NaN,31.86550015,58.44957228
0.8399963,,0.0617665,0.0685176,-0.04051625,-0.005980678,-0.003522258,-0.003175922,-0.9046544,0.4296617,-0.327976,0,236.25,NaN,NaN,NaN,NaN,NaN,NaN,NaN,NaN,0,236.25,0,0,0,0,0,0,NaN,NaN,NaN,NaN,31.86550015,58.44957228,0,236.25,0,0,0,0,0,0,NaN,NaN,NaN,NaN,31.86550015,58.44957228
0.8499985,,0.09641073,0.121716,-0.01511159,-0.00388236,-0.003536604,0.003222099,-0.9041223,0.4312913,-0.3280554,0,236.25,NaN,NaN,NaN,NaN,NaN,NaN,NaN,NaN,0,236.25,0,0,0,0,0,0,NaN,NaN,NaN,NaN,31.86550015,58.44957228,0,236.25,0,0,0,0,0,0,NaN,NaN,NaN,NaN,31.86550015,58.44957228
0.8599968,,-0.1495561,0.167071,-0.03725236,-0.001782361,0.004963395,0.002222098,-0.9044967,0.4318159,-0.3288058,0,236.25,NaN,NaN,NaN,NaN,NaN,NaN,NaN,NaN,0,236.25,0,0,0,0,0,0,NaN,NaN,NaN,NaN,31.86550015,58.44957228,0,236.25,0,0,0,0,0,0,NaN,NaN,NaN,NaN,31.86550015,58.44957228
0.8699989,,0.009332615,0.03942813,-0.03649177,0.001405746,0.002843693,-0.000983074,-0.9038495,0.4320676,-0.3280267,0,236.25,NaN,NaN,NaN,NaN,NaN,NaN,NaN,NaN,0,236.25,0,0,0,0,0,0,NaN,NaN,NaN,NaN,31.86550015,58.44957228,0,236.25,0,0,0,0,0,0,NaN,NaN,NaN,NaN,31.86550015,58.44957228
0.8799973,,0.009332615,0.03942813,-0.03649177,0.001405746,0.002843693,-0.000983074,-0.9038495,0.4320676,-0.3280267,0,236.25,NaN,NaN,NaN,NaN,NaN,NaN,NaN,NaN,0,236.25,0,0,0,0,0,0,NaN,NaN,NaN,NaN,31.86550015,58.44957228,0,236.25,0,0,0,0,0,0,NaN,NaN,NaN,NaN,31.86550015,58.44957228
0.8899994,,-0.1012915,0.02989488,0.02390879,0.00044062,0.000710282,0.001136356,-0.9040741,0.4318444,-0.329277,0,236.25,NaN,NaN,NaN,NaN,NaN,NaN,NaN,NaN,0,236.25,0,0,0,0,0,0,NaN,NaN,NaN,NaN,31.86550015,58.44957228,0,236.25,0,0,0,0,0,0,NaN,NaN,NaN,NaN,31.86550015,58.44957228
0.8999977,,-0.1445143,0.02469532,0.0221749,-0.002781868,-0.000336154,2.47E-05,-0.903651,0.4317796,-0.3284512,0,236.25,NaN,NaN,NaN,NaN,NaN,NaN,NaN,NaN,0,236.25,0,0,0,0,0,0,NaN,NaN,NaN,NaN,31.86550015,58.44957228,0,236.25,0,0,0,0,0,0,NaN,NaN,NaN,NaN,31.86550015,58.44957228
0.9099998,,-0.01219363,0.07334493,0.002674802,0.00251352,-0.00145489,0.00222363,-0.9034544,0.4323059,-0.328924,0,236.25,NaN,NaN,NaN,NaN,NaN,NaN,NaN,NaN,0,236.25,0,0,0,0,0,0,NaN,NaN,NaN,NaN,31.86550015,58.44957228,0,236.25,0,0,0,0,0,0,NaN,NaN,NaN,NaN,31.86550015,58.44957228
0.9199982,,-0.0649024,-0.00856433,-0.00672568,-0.000669912,-0.001420674,0.005432219,-0.9034544,0.4323059,-0.328924,0,236.25,NaN,NaN,NaN,NaN,NaN,NaN,NaN,NaN,0,236.25,0,0,0,0,0,0,NaN,NaN,NaN,NaN,31.86550015,58.44957228,0,236.25,0,0,0,0,0,0,NaN,NaN,NaN,NaN,31.86550015,58.44957228
0.9299965,,0.04968433,0.07490834,0.07038096,-0.004954591,0.005003438,-0.002067836,-0.9030257,0.4318844,-0.3290867,0,236.25,NaN,NaN,NaN,NaN,NaN,NaN,NaN,NaN,0,236.25,0,0,0,0,0,0,NaN,NaN,NaN,NaN,31.86550015,58.44957228,0,236.25,0,0,0,0,0,0,NaN,NaN,NaN,NaN,31.86550015,58.44957228
0.9399986,,-0.06229174,0.1001073,-0.09002541,0.000417009,0.001744783,0.002217441,-0.9038069,0.4337254,-0.3284011,0,236.25,NaN,NaN,NaN,NaN,NaN,NaN,NaN,NaN,0,236.25,0,0,0,0,0,0,NaN,NaN,NaN,NaN,31.86550015,58.44957228,0,236.25,0,0,0,0,0,0,NaN,NaN,NaN,NaN,31.86550015,58.44957228
0.9499969,,0.01594107,0.1213292,0.005187805,0.00143522,-0.001423432,0.004327313,-0.9035168,0.4346639,-0.3289109,0,236.25,NaN,NaN,NaN,NaN,NaN,NaN,NaN,NaN,0,236.25,0,0,0,0,0,0,NaN,NaN,NaN,NaN,31.86550015,58.44957228,0,236.25,0,0,0,0,0,0,NaN,NaN,NaN,NaN,31.86550015,58.44957228
0.9599991,,0.01594107,0.1213292,0.005187805,0.00143522,-0.001423432,0.004327313,-0.9035168,0.4346639,-0.3289109,0,236.25,NaN,NaN,NaN,NaN,NaN,NaN,NaN,NaN,0,236.25,0,0,0,0,0,0,NaN,NaN,NaN,NaN,31.86550015,58.44957228,0,236.25,0,0,0,0,0,0,NaN,NaN,NaN,NaN,31.86550015,58.44957228
0.9699974,,-0.02761201,0.07308558,-0.005409993,-0.002755933,-0.004598845,-0.004171173,-0.9012874,0.4338348,-0.3295433,0,236.25,NaN,NaN,NaN,NaN,NaN,NaN,NaN,NaN,0,236.25,0,0,0,0,0,0,NaN,NaN,NaN,NaN,31.86550015,58.44957228,0,236.25,0,0,0,0,0,0,NaN,NaN,NaN,NaN,31.86550015,58.44957228
0.9799995,,0.08351976,0.04072607,0.006396431,-0.000690252,-0.003569719,-0.006388964,-0.9023048,0.4349045,-0.3302356,0,236.25,NaN,NaN,NaN,NaN,NaN,NaN,NaN,NaN,0,236.25,0,0,0,0,0,0,NaN,NaN,NaN,NaN,31.86550015,58.44957228,0,236.25,0,0,0,0,0,0,NaN,NaN,NaN,NaN,31.86550015,58.44957228
0.9899979,,-0.02750911,0.1306018,0.007495109,0.001422599,0.000643019,0.002221033,-0.9042315,0.4350961,-0.3293679,0,236.25,NaN,NaN,NaN,NaN,NaN,NaN,NaN,NaN,0,236.25,0,0,0,0,0,0,NaN,NaN,NaN,NaN,31.86550015,58.44957228,0,236.25,0,0,0,0,0,0,NaN,NaN,NaN,NaN,31.86550015,58.44957228
1,,-0.02750911,0.1306018,0.007495109,0.001422599,0.000643019,0.002221033,-0.9042315,0.4350961,-0.3293679,0,236.25,NaN,NaN,NaN,NaN,NaN,NaN,NaN,NaN,0,236.25,0,0,0,0,0,0,NaN,NaN,NaN,NaN,31.86550015,58.44957228,0,236.25,0,0,0,0,0,0,NaN,NaN,NaN,NaN,31.86550015,58.44957228
1.009998,,0.03591809,0.03564198,0.01444381,-0.00277181,-0.004656955,-0.003180385,-0.9043174,0.4362487,-0.3300482,0,236.25,NaN,NaN,NaN,NaN,NaN,NaN,NaN,NaN,0,236.25,0,0,0,0,0,0,NaN,NaN,NaN,NaN,31.86550015,58.44957228,0,236.25,0,0,0,0,0,0,NaN,NaN,NaN,NaN,31.86550015,58.44957228
1.019997,,-0.06506675,0.08629685,-0.05634836,-0.001771811,0.002843045,1.96E-05,-0.9042633,0.4375498,-0.3298661,0,236.25,NaN,NaN,NaN,NaN,NaN,NaN,NaN,NaN,0,236.25,0,0,0,0,0,0,NaN,NaN,NaN,NaN,31.86550015,58.44957228,0,236.25,0,0,0,0,0,0,NaN,NaN,NaN,NaN,31.86550015,58.44957228
1.029999,,-0.1352161,0.06688226,-0.03701416,-0.003855299,0.000674557,0.00322887,-0.9049467,0.4370003,-0.3297668,0,236.25,NaN,NaN,NaN,NaN,NaN,NaN,NaN,NaN,0,236.25,0,0,0,0,0,0,NaN,NaN,NaN,NaN,31.86550015,58.44957228,0,236.25,0,0,0,0,0,0,NaN,NaN,NaN,NaN,31.86550015,58.44957228
1.039997,,-0.1352161,0.06688226,-0.03701416,-0.003855299,0.000674557,0.00322887,-0.9049467,0.4370003,-0.3297668,0,236.25,NaN,NaN,NaN,NaN,NaN,NaN,NaN,NaN,0,236.25,0,0,0,0,0,0,NaN,NaN,NaN,NaN,31.86550015,58.44957228,0,236.25,0,0,0,0,0,0,NaN,NaN,NaN,NaN,31.86550015,58.44957228
1.049999,,0.01851613,0.04925028,-0.0279797,0.003556535,0.002897425,0.001139428,-0.9056935,0.4364021,-0.3299434,0,236.25,NaN,NaN,NaN,NaN,NaN,NaN,NaN,NaN,0,236.25,0,0,0,0,0,0,NaN,NaN,NaN,NaN,31.86550015,58.44957228,0,236.25,0,0,0,0,0,0,NaN,NaN,NaN,NaN,31.86550015,58.44957228
1.059998,,0.05764817,0.04496797,-0.01655042,0.000428133,-0.00256123,-0.000975296,-0.9053985,0.436611,-0.3293392,0,236.25,NaN,NaN,NaN,NaN,NaN,NaN,NaN,NaN,0,236.25,0,0,0,0,0,0,NaN,NaN,NaN,NaN,31.86550015,58.44957228,0,236.25,0,0,0,0,0,0,NaN,NaN,NaN,NaN,31.86550015,58.44957228
1.07,,-0.07880486,0.08256154,0.02101041,-0.002741128,0.001802613,-0.002054729,-0.9073868,0.4367958,-0.3299869,0,236.25,NaN,NaN,NaN,NaN,NaN,NaN,NaN,NaN,0,236.25,0,0,0,0,0,0,NaN,NaN,NaN,NaN,31.86550015,58.44957228,0,236.25,0,0,0,0,0,0,NaN,NaN,NaN,NaN,31.86550015,58.44957228
1.079998,,0.05335913,0.1408203,0.001408217,-0.001769532,0.000643957,0.001130546,-0.9073868,0.4367958,-0.3299869,0,236.25,NaN,NaN,NaN,NaN,NaN,NaN,NaN,NaN,0,236.25,0,0,0,0,0,0,NaN,NaN,NaN,NaN,31.86550015,58.44957228,0,236.25,0,0,0,0,0,0,NaN,NaN,NaN,NaN,31.86550015,58.44957228
1.089996,,0.000116059,0.09719879,-0.008783844,-0.000635125,-0.00140049,-0.00525498,-0.9069656,0.4374004,-0.3304926,0,236.25,NaN,NaN,NaN,NaN,NaN,NaN,NaN,NaN,0,236.25,0,0,0,0,0,0,NaN,NaN,NaN,NaN,31.86550015,58.44957228,0,236.25,0,0,0,0,0,0,NaN,NaN,NaN,NaN,31.86550015,58.44957228
1.099998,,-0.03510315,0.05921825,0.03252774,0.00253056,-0.000371366,2.72E-05,-0.9087368,0.4382289,-0.3307223,0,236.25,NaN,NaN,NaN,NaN,NaN,NaN,NaN,NaN,0,236.25,0,0,0,0,0,0,NaN,NaN,NaN,NaN,31.86550015,58.44957228,0,236.25,0,0,0,0,0,0,NaN,NaN,NaN,NaN,31.86550015,58.44957228
1.109997,,-0.1255094,0.08997036,-0.09599914,0.001468383,0.001809187,0.001146744,-0.9080295,0.4381838,-0.3301151,0,236.25,NaN,NaN,NaN,NaN,NaN,NaN,NaN,NaN,0,236.25,0,0,0,0,0,0,NaN,NaN,NaN,NaN,31.86550015,58.44957228,0,236.25,0,0,0,0,0,0,NaN,NaN,NaN,NaN,31.86550015,58.44957228
1.119999,,-0.03601811,0.03141964,0.08568808,0.004663654,-0.000300589,-0.00205571,-0.9080295,0.4381838,-0.3301151,0,236.25,NaN,NaN,NaN,NaN,NaN,NaN,NaN,NaN,0,236.25,0,0,0,0,0,0,NaN,NaN,NaN,NaN,31.86550015,58.44957228,0,236.25,0,0,0,0,0,0,NaN,NaN,NaN,NaN,31.86550015,58.44957228
1.129997,,-0.001023194,0.02135587,0.03549931,-0.00173467,-0.0013909,0.002252772,-0.9086903,0.4375644,-0.3299216,0,236.25,NaN,NaN,NaN,NaN,NaN,NaN,NaN,NaN,0,236.25,0,0,0,0,0,0,NaN,NaN,NaN,NaN,31.86550015,58.44957228,0,236.25,0,0,0,0,0,0,NaN,NaN,NaN,NaN,31.86550015,58.44957228
1.139999,,-0.1296361,0.08638304,-0.01436584,0.003542848,0.001762665,-0.003158883,-0.9085046,0.4379363,-0.3301126,0,236.25,NaN,NaN,NaN,NaN,NaN,NaN,NaN,NaN,0,236.25,0,0,0,0,0,0,NaN,NaN,NaN,NaN,31.86550015,58.44957228,0,236.25,0,0,0,0,0,0,NaN,NaN,NaN,NaN,31.86550015,58.44957228
1.149998,,-0.1139831,-0.04728447,-0.01331934,-0.002736606,-0.000293396,-0.000946515,-0.9094433,0.4391911,-0.3302761,0,236.25,NaN,NaN,NaN,NaN,NaN,NaN,NaN,NaN,0,236.25,0,0,0,0,0,0,NaN,NaN,NaN,NaN,31.86550015,58.44957228,0,236.25,0,0,0,0,0,0,NaN,NaN,NaN,NaN,31.86550015,58.44957228
1.16,,-0.1139831,-0.04728447,-0.01331934,-0.002736606,-0.000293396,-0.000946515,-0.9094433,0.4391911,-0.3302761,0,236.25,NaN,NaN,NaN,NaN,NaN,NaN,NaN,NaN,0,236.25,0,0,0,0,0,0,NaN,NaN,NaN,NaN,31.86550015,58.44957228,0,236.25,0,0,0,0,0,0,NaN,NaN,NaN,NaN,31.86550015,58.44957228
1.169998,,-0.01630336,0.1013323,-0.0367754,0.001419283,-0.000383431,0.001134273,-0.9093969,0.4387875,-0.3301686,0,236.25,NaN,NaN,NaN,NaN,NaN,NaN,NaN,NaN,0,236.25,0,0,0,0,0,0,NaN,NaN,NaN,NaN,31.86550015,58.44957228,0,236.25,0,0,0,0,0,0,NaN,NaN,NaN,NaN,31.86550015,58.44957228
1.179996,,0.09436896,0.1072007,-0.02999851,0.00250864,0.000594573,0.002228752,-0.9096069,0.4388579,-0.3307247,0,236.25,NaN,NaN,NaN,NaN,NaN,NaN,NaN,NaN,0,236.25,0,0,0,0,0,0,NaN,NaN,NaN,NaN,31.86550015,58.44957228,0,236.25,0,0,0,0,0,0,NaN,NaN,NaN,NaN,31.86550015,58.44957228
1.189999,,0.05857311,0.1457844,0.01499532,0.000461184,-0.000304862,0.002251209,-0.9089929,0.4381822,-0.3306296,0,236.25,NaN,NaN,NaN,NaN,NaN,NaN,NaN,NaN,0,236.25,0,0,0,0,0,0,NaN,NaN,NaN,NaN,31.86550015,58.44957228,0,236.25,0,0,0,0,0,0,NaN,NaN,NaN,NaN,31.86550015,58.44957228
1.199997,,-0.05296211,0.09081989,-0.08184358,0.001471825,-0.001382866,0.001156731,-0.9089929,0.4381822,-0.3306296,0,236.25,NaN,NaN,NaN,NaN,NaN,NaN,NaN,NaN,0,236.25,0,0,0,0,0,0,NaN,NaN,NaN,NaN,31.86550015,58.44957228,0,236.25,0,0,0,0,0,0,NaN,NaN,NaN,NaN,31.86550015,58.44957228
1.209999,,0.03949726,0.04512639,0.003777864,-0.002760127,-0.002541064,0.001137353,-0.9085563,0.4393053,-0.3313897,0,236.25,NaN,NaN,NaN,NaN,NaN,NaN,NaN,NaN,0,236.25,0,0,0,0,0,0,NaN,NaN,NaN,NaN,31.86550015,58.44957228,0,236.25,0,0,0,0,0,0,NaN,NaN,NaN,NaN,31.86550015,58.44957228
1.219997,,-0.01643618,0.09765743,0.03079996,0.001439869,0.000658935,0.002237353,-0.907496,0.4393991,-0.3302407,0,236.25,NaN,NaN,NaN,NaN,NaN,NaN,NaN,NaN,0,236.25,0,0,0,0,0,0,NaN,NaN,NaN,NaN,31.86550015,58.44957228,0,236.25,0,0,0,0,0,0,NaN,NaN,NaN,NaN,31.86550015,58.44957228
1.23,,-0.08838119,0.02882099,-0.054225,0.001425669,0.004935831,0.002225621,-0.9069341,0.4386563,-0.3312007,0,236.25,NaN,NaN,NaN,NaN,NaN,NaN,NaN,NaN,0,236.25,0,0,0,0,0,0,NaN,NaN,NaN,NaN,31.86550015,58.44957228,0,236.25,0,0,0,0,0,0,NaN,NaN,NaN,NaN,31.86550015,58.44957228
1.239998,,-0.02526215,0.04979201,0.03221476,0.002536327,0.003857827,0.003231143,-0.9069341,0.4386563,-0.3312007,0,236.25,NaN,NaN,NaN,NaN,NaN,NaN,NaN,NaN,0,236.25,0,0,0,0,0,0,NaN,NaN,NaN,NaN,31.86550015,58.44957228,0,236.25,0,0,0,0,0,0,NaN,NaN,NaN,NaN,31.86550015,58.44957228
1.25,,0.02383062,0.03496323,-0.0235791,-0.001759548,-0.004632962,-0.002063076,-0.9064251,0.4365485,-0.329847,0,236.25,NaN,NaN,NaN,NaN,NaN,NaN,NaN,NaN,0,236.25,0,0,0,0,0,0,NaN,NaN,NaN,NaN,31.86550015,58.44957228,0,236.25,0,0,0,0,0,0,NaN,NaN,NaN,NaN,31.86550015,58.44957228
1.259998,,-0.02801326,0.04438778,-0.005851224,-0.002765462,-0.002545182,3.39E-05,-0.907044,0.4368401,-0.3304312,0,236.25,NaN,NaN,NaN,NaN,NaN,NaN,NaN,NaN,0,236.25,0,0,0,0,0,0,NaN,NaN,NaN,NaN,31.86550015,58.44957228,0,236.25,0,0,0,0,0,0,NaN,NaN,NaN,NaN,31.86550015,58.44957228
1.269997,,0.01243687,0.02603597,0.02032413,0.006729558,0.004936223,0.001130094,-0.90709,0.4382341,-0.3316154,0,236.25,NaN,NaN,NaN,NaN,NaN,NaN,NaN,NaN,0,236.25,0,0,0,0,0,0,NaN,NaN,NaN,NaN,31.86550015,58.44957228,0,236.25,0,0,0,0,0,0,NaN,NaN,NaN,NaN,31.86550015,58.44957228
1.279999,,-0.0749357,0.1063421,0.01072072,0.001429558,-0.000363777,0.002230094,-0.90709,0.4382341,-0.3316154,0,236.25,NaN,NaN,NaN,NaN,NaN,NaN,NaN,NaN,0,236.25,0,0,0,0,0,0,NaN,NaN,NaN,NaN,31.86550015,58.44957228,0,236.25,0,0,0,0,0,0,NaN,NaN,NaN,NaN,31.86550015,58.44957228
1.289997,,-0.09695481,0.111339,0.03626864,-0.004981413,0.003835239,-0.002074186,-0.9067875,0.4364941,-0.3314577,0,236.25,NaN,NaN,NaN,NaN,NaN,NaN,NaN,NaN,0,236.25,0,0,0,0,0,0,NaN,NaN,NaN,NaN,31.86550015,58.44957228,0,236.25,0,0,0,0,0,0,NaN,NaN,NaN,NaN,31.86550015,58.44957228
1.299999,,0.05827888,0.06799668,-0.07403356,0.001418583,-0.001464762,-0.002074186,-0.9062918,0.4365453,-0.330489,0,236.25,NaN,NaN,NaN,NaN,NaN,NaN,NaN,NaN,0,236.25,0,0,0,0,0,0,NaN,NaN,NaN,NaN,31.86550015,58.44957228,0,236.25,0,0,0,0,0,0,NaN,NaN,NaN,NaN,31.86550015,58.44957228
1.309998,,0.1141412,0.1420888,0.05016474,-0.001781691,-0.001460553,2.53E-05,-0.9054023,0.4372724,-0.3316616,0,236.25,NaN,NaN,NaN,NaN,NaN,NaN,NaN,NaN,0,236.25,0,0,0,0,0,0,NaN,NaN,NaN,NaN,31.86550015,58.44957228,0,236.25,0,0,0,0,0,0,NaN,NaN,NaN,NaN,31.86550015,58.44957228
1.32,,-0.04477005,0.08194386,-0.03870314,-0.002781689,0.000639447,-0.003174737,-0.9054023,0.4372724,-0.3316616,0,236.25,NaN,NaN,NaN,NaN,NaN,NaN,NaN,NaN,0,236.25,0,0,0,0,0,0,NaN,NaN,NaN,NaN,31.86550015,58.44957228,0,236.25,0,0,0,0,0,0,NaN,NaN,NaN,NaN,31.86550015,58.44957228
1.329998,,-0.07103953,0.08712807,0.001334166,0.000453807,0.004996031,-0.005261578,-0.9063739,0.4376163,-0.3321994,0,236.25,NaN,NaN,NaN,NaN,NaN,NaN,NaN,NaN,0,236.25,0,0,0,0,0,0,NaN,NaN,NaN,NaN,31.86550015,58.44957228,0,236.25,0,0,0,0,0,0,NaN,NaN,NaN,NaN,31.86550015,58.44957228
1.339996,,-0.01830008,0.1210754,0.006380433,0.000464454,-0.002481973,-0.003156057,-0.9071498,0.4384182,-0.3302141,0,236.25,NaN,NaN,NaN,NaN,NaN,NaN,NaN,NaN,0,236.25,0,0,0,0,0,0,NaN,NaN,NaN,NaN,31.86550015,58.44957228,0,236.25,0,0,0,0,0,0,NaN,NaN,NaN,NaN,31.86550015,58.44957228
1.349998,,0.04318813,0.1933168,0.005792491,0.001424305,-0.001462383,0.003233824,-0.908709,0.4388175,-0.3313192,0,236.25,NaN,NaN,NaN,NaN,NaN,NaN,NaN,NaN,0,236.25,0,0,0,0,0,0,NaN,NaN,NaN,NaN,31.86550015,58.44957228,0,236.25,0,0,0,0,0,0,NaN,NaN,NaN,NaN,31.86550015,58.44957228
1.359997,,-0.07025371,0.0442835,0.01111288,0.000452712,0.001796273,0.002248548,-0.908709,0.4388175,-0.3313192,0,236.25,NaN,NaN,NaN,NaN,NaN,NaN,NaN,NaN,0,236.25,0,0,0,0,0,0,NaN,NaN,NaN,NaN,31.86550015,58.44957228,0,236.25,0,0,0,0,0,0,NaN,NaN,NaN,NaN,31.86550015,58.44957228
1.369999,,-0.06955186,0.07320545,0.02496916,0.000430264,0.001732348,-0.003168656,-0.9083614,0.4396579,-0.3308688,0,236.25,NaN,NaN,NaN,NaN,NaN,NaN,NaN,NaN,0,236.25,0,0,0,0,0,0,NaN,NaN,NaN,NaN,31.86550015,58.44957228,0,236.25,0,0,0,0,0,0,NaN,NaN,NaN,NaN,31.86550015,58.44957228
1.379997,,-0.0539792,0.04004988,0.03874192,0.000458665,0.002891003,0.002246068,-0.9087111,0.4397871,-0.3307813,0,236.25,NaN,NaN,NaN,NaN,NaN,NaN,NaN,NaN,0,236.25,0,0,0,0,0,0,NaN,NaN,NaN,NaN,31.86550015,58.44957228,0,236.25,0,0,0,0,0,0,NaN,NaN,NaN,NaN,31.86550015,58.44957228
1.389999,,-0.008565896,0.1021266,0.01100339,0.000431664,0.00383468,-0.000963865,-0.9089134,0.4401219,-0.3309802,0,236.25,NaN,NaN,NaN,NaN,NaN,NaN,NaN,NaN,0,236.25,0,0,0,0,0,0,NaN,NaN,NaN,NaN,31.86550015,58.44957228,0,236.25,0,0,0,0,0,0,NaN,NaN,NaN,NaN,31.86550015,58.44957228
1.399998,,-0.05115291,0.02423394,-0.06153884,0.004648231,-0.003531104,-0.000955276,-0.9089134,0.4401219,-0.3309802,0,236.25,NaN,NaN,NaN,NaN,NaN,NaN,NaN,NaN,0,236.25,0,0,0,0,0,0,NaN,NaN,NaN,NaN,31.86550015,58.44957228,0,236.25,0,0,0,0,0,0,NaN,NaN,NaN,NaN,31.86550015,58.44957228
1.41,,0.04402161,0.07965692,0.07477377,0.007848248,-0.003530179,4.07E-05,-0.9074755,0.4393712,-0.3310333,0,236.25,NaN,NaN,NaN,NaN,NaN,NaN,NaN,NaN,0,236.25,0,0,0,0,0,0,NaN,NaN,NaN,NaN,31.86550015,58.44957228,0,236.25,0,0,0,0,0,0,NaN,NaN,NaN,NaN,31.86550015,58.44957228
1.419998,,0.03976021,0.05840088,-0.06352589,0.003560081,-0.002505739,0.002246791,-0.9087355,0.438461,-0.3311899,0,236.25,NaN,NaN,NaN,NaN,NaN,NaN,NaN,NaN,0,236.25,0,0,0,0,0,0,NaN,NaN,NaN,NaN,31.86550015,58.44957228,0,236.25,0,0,0,0,0,0,NaN,NaN,NaN,NaN,31.86550015,58.44957228
1.429996,,0.01497031,0.07238836,-0.07641628,0.001446314,-0.000328809,-0.000960977,-0.9074168,0.4378224,-0.3315083,0,236.25,NaN,NaN,NaN,NaN,NaN,NaN,NaN,NaN,0,236.25,0,0,0,0,0,0,NaN,NaN,NaN,NaN,31.86550015,58.44957228,0,236.25,0,0,0,0,0,0,NaN,NaN,NaN,NaN,31.86550015,58.44957228
1.439999,,0.006244531,0.1118362,0.009766329,-0.002770253,-0.002563024,0.005430433,-0.9074168,0.4378224,-0.3315083,0,236.25,NaN,NaN,NaN,NaN,NaN,NaN,NaN,NaN,0,236.25,0,0,0,0,0,0,NaN,NaN,NaN,NaN,31.86550015,58.44957228,0,236.25,0,0,0,0,0,0,NaN,NaN,NaN,NaN,31.86550015,58.44957228
1.449997,,0.01468068,0.1595492,-0.001040628,-0.005939581,0.001805115,-0.002057845,-0.9070727,0.4375839,-0.3318954,0,236.25,NaN,NaN,NaN,NaN,NaN,NaN,NaN,NaN,0,236.25,0,0,0,0,0,0,NaN,NaN,NaN,NaN,31.86550015,58.44957228,0,236.25,0,0,0,0,0,0,NaN,NaN,NaN,NaN,31.86550015,58.44957228
1.459999,,-0.05252169,0.1099981,-0.07691269,0.002543852,-0.0025291,3.36E-05,-0.9072029,0.4379103,-0.3310755,0,236.25,NaN,NaN,NaN,NaN,NaN,NaN,NaN,NaN,0,236.25,0,0,0,0,0,0,NaN,NaN,NaN,NaN,31.86550015,58.44957228,0,236.25,0,0,0,0,0,0,NaN,NaN,NaN,NaN,31.86550015,58.44957228
1.469997,,0.01058995,0.04097931,0.0634963,0.000436507,-0.000339141,0.002229432,-0.9060327,0.4377266,-0.33163,0,236.25,NaN,NaN,NaN,NaN,NaN,NaN,NaN,NaN,0,236.25,0,0,0,0,0,0,NaN,NaN,NaN,NaN,31.86550015,58.44957228,0,236.25,0,0,0,0,0,0,NaN,NaN,NaN,NaN,31.86550015,58.44957228
1.48,,0.01058995,0.04097931,0.0634963,0.000436507,-0.000339141,0.002229432,-0.9060327,0.4377266,-0.33163,0,236.25,NaN,NaN,NaN,NaN,NaN,NaN,NaN,NaN,0,236.25,0,0,0,0,0,0,NaN,NaN,NaN,NaN,31.86550015,58.44957228,0,236.25,0,0,0,0,0,0,NaN,NaN,NaN,NaN,31.86550015,58.44957228
1.489998,,0.0142094,0.1077537,0.0525863,-0.005963117,-0.003526976,0.001136602,-0.9066694,0.4362409,-0.3323244,0,236.25,NaN,NaN,NaN,NaN,NaN,NaN,NaN,NaN,0,236.25,0,0,0,0,0,0,NaN,NaN,NaN,NaN,31.86550015,58.44957228,0,236.25,0,0,0,0,0,0,NaN,NaN,NaN,NaN,31.86550015,58.44957228
1.5,,-0.09752243,0.06819136,0.02712097,0.001430966,0.002860803,-0.000966466,-0.9065243,0.4369096,-0.3328232,0,236.25,NaN,NaN,NaN,NaN,NaN,NaN,NaN,NaN,0,236.25,0,0,0,0,0,0,NaN,NaN,NaN,NaN,31.86550015,58.44957228,0,236.25,0,0,0,0,0,0,NaN,NaN,NaN,NaN,31.86550015,58.44957228
1.509998,,-0.01386831,0.1018645,-0.00302369,0.000439428,-0.004637634,-0.000964388,-0.9075606,0.4373165,-0.3328619,0,236.25,NaN,NaN,NaN,NaN,NaN,NaN,NaN,NaN,0,236.25,0,0,0,0,0,0,NaN,NaN,NaN,NaN,31.86550015,58.44957228,0,236.25,0,0,0,0,0,0,NaN,NaN,NaN,NaN,31.86550015,58.44957228
1.519997,,-0.01386831,0.1018645,-0.00302369,0.000439428,-0.004637634,-0.000964388,-0.9075606,0.4373165,-0.3328619,0,236.25,NaN,NaN,NaN,NaN,NaN,NaN,NaN,NaN,0,236.25,0,0,0,0,0,0,NaN,NaN,NaN,NaN,31.86550015,58.44957228,0,236.25,0,0,0,0,0,0,NaN,NaN,NaN,NaN,31.86550015,58.44957228
1.529999,,-0.07669687,0.09756062,0.05888849,-0.001767363,-0.001461763,0.004332053,-0.9078274,0.4380031,-0.333081,0,236.25,NaN,NaN,NaN,NaN,NaN,NaN,NaN,NaN,0,236.25,0,0,0,0,0,0,NaN,NaN,NaN,NaN,31.86550015,58.44957228,0,236.25,0,0,0,0,0,0,NaN,NaN,NaN,NaN,31.86550015,58.44957228
1.539997,,-0.01822534,0.06261128,-0.06912749,-0.001738962,0.000696893,0.001146777,-0.9065559,0.4391871,-0.3330446,0,236.25,NaN,NaN,NaN,NaN,NaN,NaN,NaN,NaN,0,236.25,0,0,0,0,0,0,NaN,NaN,NaN,NaN,31.86550015,58.44957228,0,236.25,0,0,0,0,0,0,NaN,NaN,NaN,NaN,31.86550015,58.44957228
1.549999,,-0.1855164,0.04688111,-0.06704205,-0.008143917,-0.002500835,-0.002049309,-0.9073884,0.4391407,-0.3334278,0,236.25,NaN,NaN,NaN,NaN,NaN,NaN,NaN,NaN,0,236.25,0,0,0,0,0,0,NaN,NaN,NaN,NaN,31.86550015,58.44957228,0,236.25,0,0,0,0,0,0,NaN,NaN,NaN,NaN,31.86550015,58.44957228
1.559998,,0.0707134,0.0459512,0.04001083,0.001438335,0.002862505,0.005441488,-0.9073884,0.4391407,-0.3334278,0,236.25,NaN,NaN,NaN,NaN,NaN,NaN,NaN,NaN,0,236.25,0,0,0,0,0,0,NaN,NaN,NaN,NaN,31.86550015,58.44957228,0,236.25,0,0,0,0,0,0,NaN,NaN,NaN,NaN,31.86550015,58.44957228
1.57,,-0.01953927,0.0299348,-0.02054501,-0.00174411,-0.001400971,0.001147845,-0.9064035,0.4390745,-0.3332539,0,236.25,NaN,NaN,NaN,NaN,NaN,NaN,NaN,NaN,0,236.25,0,0,0,0,0,0,NaN,NaN,NaN,NaN,31.86550015,58.44957228,0,236.25,0,0,0,0,0,0,NaN,NaN,NaN,NaN,31.86550015,58.44957228
1.579998,,-0.1275959,0.06773942,0.01502523,0.002521574,0.003828154,-0.003169945,-0.9064723,0.4395852,-0.3334683,0,236.25,NaN,NaN,NaN,NaN,NaN,NaN,NaN,NaN,0,236.25,0,0,0,0,0,0,NaN,NaN,NaN,NaN,31.86550015,58.44957228,0,236.25,0,0,0,0,0,0,NaN,NaN,NaN,NaN,31.86550015,58.44957228
1.589996,,-0.1016496,0.1152243,-0.02099412,0.000431322,-0.000361684,0.004336528,-0.9068224,0.4399421,-0.3335308,0,236.25,NaN,NaN,NaN,NaN,NaN,NaN,NaN,NaN,0,236.25,0,0,0,0,0,0,NaN,NaN,NaN,NaN,31.86550015,58.44957228,0,236.25,0,0,0,0,0,0,NaN,NaN,NaN,NaN,31.86550015,58.44957228
1.599998,,-0.1016496,0.1152243,-0.02099412,0.000431322,-0.000361684,0.004336528,-0.9068224,0.4399421,-0.3335308,0,236.25,NaN,NaN,NaN,NaN,NaN,NaN,NaN,NaN,0,236.25,0,0,0,0,0,0,NaN,NaN,NaN,NaN,31.86550015,58.44957228,0,236.25,0,0,0,0,0,0,NaN,NaN,NaN,NaN,31.86550015,58.44957228
1.609997,,-0.01073399,0.08352291,0.04499573,0.002528079,0.00603938,-0.000964928,-0.9058342,0.4401658,-0.332551,0,236.25,NaN,NaN,NaN,NaN,NaN,NaN,NaN,NaN,0,236.25,0,0,0,0,0,0,NaN,NaN,NaN,NaN,31.86550015,58.44957228,0,236.25,0,0,0,0,0,0,NaN,NaN,NaN,NaN,31.86550015,58.44957228
1.619999,,0.1129849,0.1455427,-0.03152601,0.000444643,-0.002526403,-0.000956338,-0.9071116,0.4395535,-0.3330073,0,236.25,NaN,NaN,NaN,NaN,NaN,NaN,NaN,NaN,0,236.25,0,0,0,0,0,0,NaN,NaN,NaN,NaN,31.86550015,58.44957228,0,236.25,0,0,0,0,0,0,NaN,NaN,NaN,NaN,31.86550015,58.44957228
1.629997,,0.07849081,0.0924935,-0.04753413,-0.00277283,-0.002561777,0.004339459,-0.9072427,0.4391217,-0.3332974,0,236.25,NaN,NaN,NaN,NaN,NaN,NaN,NaN,NaN,0,236.25,0,0,0,0,0,0,NaN,NaN,NaN,NaN,31.86550015,58.44957228,0,236.25,0,0,0,0,0,0,NaN,NaN,NaN,NaN,31.86550015,58.44957228
1.639999,,0.07849081,0.0924935,-0.04753413,-0.00277283,-0.002561777,0.004339459,-0.9072427,0.4391217,-0.3332974,0,236.25,NaN,NaN,NaN,NaN,NaN,NaN,NaN,NaN,0,236.25,0,0,0,0,0,0,NaN,NaN,NaN,NaN,31.86550015,58.44957228,0,236.25,0,0,0,0,0,0,NaN,NaN,NaN,NaN,31.86550015,58.44957228
1.649998,,0.08057281,0.07275231,-0.09039867,-0.004953742,0.000675686,4.48E-05,-0.9069739,0.4410703,-0.3342922,0,236.25,NaN,NaN,NaN,NaN,NaN,NaN,NaN,NaN,0,236.25,0,0,0,0,0,0,NaN,NaN,NaN,NaN,31.86550015,58.44957228,0,236.25,0,0,0,0,0,0,NaN,NaN,NaN,NaN,31.86550015,58.44957228
1.66,,0.04473435,0.06229235,-0.1261137,-0.001753744,0.000675686,4.48E-05,-0.9070714,0.4407546,-0.3340437,0,236.25,NaN,NaN,NaN,NaN,NaN,NaN,NaN,NaN,0,236.25,0,0,0,0,0,0,NaN,NaN,NaN,NaN,31.86550015,58.44957228,0,236.25,0,0,0,0,0,0,NaN,NaN,NaN,NaN,31.86550015,58.44957228
1.669998,,-0.1387269,0.06248888,-0.008141015,0.001442313,0.000662417,-0.002059657,-0.9072704,0.4403083,-0.3341226,0,236.25,NaN,NaN,NaN,NaN,NaN,NaN,NaN,NaN,0,236.25,0,0,0,0,0,0,NaN,NaN,NaN,NaN,31.86550015,58.44957228,0,236.25,0,0,0,0,0,0,NaN,NaN,NaN,NaN,31.86550015,58.44957228
1.679996,,-0.1387269,0.06248888,-0.008141015,0.001442313,0.000662417,-0.002059657,-0.9072704,0.4403083,-0.3341226,0,236.25,NaN,NaN,NaN,NaN,NaN,NaN,NaN,NaN,0,236.25,0,0,0,0,0,0,NaN,NaN,NaN,NaN,31.86550015,58.44957228,0,236.25,0,0,0,0,0,0,NaN,NaN,NaN,NaN,31.86550015,58.44957228
1.689999,,0.01916877,0.1165936,-0.00072656,-0.000668511,0.00384026,0.002237855,-0.9068707,0.4395579,-0.3341362,0,236.25,NaN,NaN,NaN,NaN,NaN,NaN,NaN,NaN,0,236.25,0,0,0,0,0,0,NaN,NaN,NaN,NaN,31.86550015,58.44957228,0,236.25,0,0,0,0,0,0,NaN,NaN,NaN,NaN,31.86550015,58.44957228
1.699997,,0.004024787,0.04921535,-0.02248454,0.001442134,-0.001437744,0.001143377,-0.9070343,0.441079,-0.3336006,0,236.25,NaN,NaN,NaN,NaN,NaN,NaN,NaN,NaN,0,236.25,0,0,0,0,0,0,NaN,NaN,NaN,NaN,31.86550015,58.44957228,0,236.25,0,0,0,0,0,0,NaN,NaN,NaN,NaN,31.86550015,58.44957228
1.709999,,-0.01210556,0.08212426,-0.04562808,0.000443444,0.001770685,-0.006353386,-0.9066213,0.4399599,-0.3336591,0,236.25,NaN,NaN,NaN,NaN,NaN,NaN,NaN,NaN,0,236.25,0,0,0,0,0,0,NaN,NaN,NaN,NaN,31.86550015,58.44957228,0,236.25,0,0,0,0,0,0,NaN,NaN,NaN,NaN,31.86550015,58.44957228
1.719997,,-0.01210556,0.08212426,-0.04562808,0.000443444,0.001770685,-0.006353386,-0.9066213,0.4399599,-0.3336591,0,236.25,NaN,NaN,NaN,NaN,NaN,NaN,NaN,NaN,0,236.25,0,0,0,0,0,0,NaN,NaN,NaN,NaN,31.86550015,58.44957228,0,236.25,0,0,0,0,0,0,NaN,NaN,NaN,NaN,31.86550015,58.44957228
1.73,,0.04106399,0.06460125,0.02750314,0.001481555,-0.005647957,0.004367726,-0.9060526,0.439757,-0.333616,0,236.25,NaN,NaN,NaN,NaN,NaN,NaN,NaN,NaN,0,236.25,0,0,0,0,0,0,NaN,NaN,NaN,NaN,31.86550015,58.44957228,0,236.25,0,0,0,0,0,0,NaN,NaN,NaN,NaN,31.86550015,58.44957228
1.739998,,-0.06187769,0.1205952,0.000269681,0.000435405,0.001756727,0.0022438,-0.9059234,0.4383557,-0.3351855,0,236.25,NaN,NaN,NaN,NaN,NaN,NaN,NaN,NaN,0,236.25,0,0,0,0,0,0,NaN,NaN,NaN,NaN,31.86550015,58.44957228,0,236.25,0,0,0,0,0,0,NaN,NaN,NaN,NaN,31.86550015,58.44957228
1.75,,-0.09033289,0.02953747,-0.005955768,0.000428826,0.002842594,0.005433998,-0.9057179,0.4391846,-0.3360494,0,236.25,NaN,NaN,NaN,NaN,NaN,NaN,NaN,NaN,0,236.25,0,0,0,0,0,0,NaN,NaN,NaN,NaN,31.86550015,58.44957228,0,236.25,0,0,0,0,0,0,NaN,NaN,NaN,NaN,31.86550015,58.44957228
1.759998,,-0.1044018,0.04860128,-0.000376306,0.001422904,-0.000369626,0.001130931,-0.9057179,0.4391846,-0.3360494,0,236.25,NaN,NaN,NaN,NaN,NaN,NaN,NaN,NaN,0,236.25,0,0,0,0,0,0,NaN,NaN,NaN,NaN,31.86550015,58.44957228,0,236.25,0,0,0,0,0,0,NaN,NaN,NaN,NaN,31.86550015,58.44957228
1.769997,,-0.0476629,0.05846353,-0.009261819,-0.001764741,-0.002539526,0.002233603,-0.9051272,0.4392925,-0.3353087,0,236.25,NaN,NaN,NaN,NaN,NaN,NaN,NaN,NaN,0,236.25,0,0,0,0,0,0,NaN,NaN,NaN,NaN,31.86550015,58.44957228,0,236.25,0,0,0,0,0,0,NaN,NaN,NaN,NaN,31.86550015,58.44957228
1.779999,,-0.1484335,0.0824646,0.05483092,0.004624605,-0.000361523,-0.002071919,-0.9052413,0.4390728,-0.3359213,0,236.25,NaN,NaN,NaN,NaN,NaN,NaN,NaN,NaN,0,236.25,0,0,0,0,0,0,NaN,NaN,NaN,NaN,31.86550015,58.44957228,0,236.25,0,0,0,0,0,0,NaN,NaN,NaN,NaN,31.86550015,58.44957228
1.789997,,-0.01374306,0.1077577,0.06930438,0.001450263,-0.003491654,0.003244561,-0.9048387,0.436762,-0.3356698,0,236.25,NaN,NaN,NaN,NaN,NaN,NaN,NaN,NaN,0,236.25,0,0,0,0,0,0,NaN,NaN,NaN,NaN,31.86550015,58.44957228,0,236.25,0,0,0,0,0,0,NaN,NaN,NaN,NaN,31.86550015,58.44957228
1.799999,,-0.08963851,0.01733062,0.1381951,-0.007072221,0.00386191,-0.000967096,-0.9048387,0.436762,-0.3356698,0,236.25,NaN,NaN,NaN,NaN,NaN,NaN,NaN,NaN,0,236.25,0,0,0,0,0,0,NaN,NaN,NaN,NaN,31.86550015,58.44957228,0,236.25,0,0,0,0,0,0,NaN,NaN,NaN,NaN,31.86550015,58.44957228
1.809998,,0.03142599,0.1027199,0.02814195,0.002516069,0.004923215,0.006422717,-0.903941,0.4391412,-0.3355243,0,236.25,NaN,NaN,NaN,NaN,NaN,NaN,NaN,NaN,0,236.25,0,0,0,0,0,0,NaN,NaN,NaN,NaN,31.86550015,58.44957228,0,236.25,0,0,0,0,0,0,NaN,NaN,NaN,NaN,31.86550015,58.44957228
1.82,,-0.06611189,0.06799387,-0.002769352,-0.002767369,0.004957431,0.002231305,-0.9028531,0.437999,-0.3362317,0,236.25,NaN,NaN,NaN,NaN,NaN,NaN,NaN,NaN,0,236.25,0,0,0,0,0,0,NaN,NaN,NaN,NaN,31.86550015,58.44957228,0,236.25,0,0,0,0,0,0,NaN,NaN,NaN,NaN,31.86550015,58.44957228
1.829998,,-0.03578484,0.0111218,0.01542027,0.00252267,-0.003565301,0.002218125,-0.9018693,0.4373761,-0.3356194,0,236.25,NaN,NaN,NaN,NaN,NaN,NaN,NaN,NaN,0,236.25,0,0,0,0,0,0,NaN,NaN,NaN,NaN,31.86550015,58.44957228,0,236.25,0,0,0,0,0,0,NaN,NaN,NaN,NaN,31.86550015,58.44957228
1.839996,,-0.03578484,0.0111218,0.01542027,0.00252267,-0.003565301,0.002218125,-0.9018693,0.4373761,-0.3356194,0,236.25,NaN,NaN,NaN,NaN,NaN,NaN,NaN,NaN,0,236.25,0,0,0,0,0,0,NaN,NaN,NaN,NaN,31.86550015,58.44957228,0,236.25,0,0,0,0,0,0,NaN,NaN,NaN,NaN,31.86550015,58.44957228
1.849998,,0.03947388,0.1396933,-0.06369509,0.001449183,-0.001404665,-0.002065693,-0.9013433,0.437252,-0.3374838,0,236.25,NaN,NaN,NaN,NaN,NaN,NaN,NaN,NaN,0,236.25,0,0,0,0,0,0,NaN,NaN,NaN,NaN,31.86550015,58.44957228,0,236.25,0,0,0,0,0,0,NaN,NaN,NaN,NaN,31.86550015,58.44957228
1.859997,,0.1323433,0.07016372,0.02682264,-0.00176857,0.001758675,-0.003174894,-0.9014956,0.4360582,-0.3364755,0,236.25,NaN,NaN,NaN,NaN,NaN,NaN,NaN,NaN,0,236.25,0,0,0,0,0,0,NaN,NaN,NaN,NaN,31.86550015,58.44957228,0,236.25,0,0,0,0,0,0,NaN,NaN,NaN,NaN,31.86550015,58.44957228
1.869999,,0.003300758,0.06430677,0.0307472,-0.003875341,-0.00036417,0.001126762,-0.9020299,0.4367218,-0.3366033,0,236.25,NaN,NaN,NaN,NaN,NaN,NaN,NaN,NaN,0,236.25,0,0,0,0,0,0,NaN,NaN,NaN,NaN,31.86550015,58.44957228,0,236.25,0,0,0,0,0,0,NaN,NaN,NaN,NaN,31.86550015,58.44957228
1.879997,,0.008568735,0.02993073,-0.03610978,-0.000646941,-0.002505514,0.001141486,-0.9020299,0.4367218,-0.3366033,0,236.25,NaN,NaN,NaN,NaN,NaN,NaN,NaN,NaN,0,236.25,0,0,0,0,0,0,NaN,NaN,NaN,NaN,31.86550015,58.44957228,0,236.25,0,0,0,0,0,0,NaN,NaN,NaN,NaN,31.86550015,58.44957228
1.889999,,-0.1648849,-0.01489989,-0.05711296,-0.000667699,-0.002547788,3.24E-05,-0.9024601,0.4371277,-0.3360891,0,236.25,NaN,NaN,NaN,NaN,NaN,NaN,NaN,NaN,0,236.25,0,0,0,0,0,0,NaN,NaN,NaN,NaN,31.86550015,58.44957228,0,236.25,0,0,0,0,0,0,NaN,NaN,NaN,NaN,31.86550015,58.44957228
1.899998,,-0.05385139,0.07346922,0.03435009,0.003521651,-0.003569785,-0.004173166,-0.9030054,0.4368491,-0.3359319,0,236.25,NaN,NaN,NaN,NaN,NaN,NaN,NaN,NaN,0,236.25,0,0,0,0,0,0,NaN,NaN,NaN,NaN,31.86550015,58.44957228,0,236.25,0,0,0,0,0,0,NaN,NaN,NaN,NaN,31.86550015,58.44957228
1.91,,-0.01288206,0.1019397,0.002275601,0.001457892,-0.001386701,-0.003150942,-0.9041628,0.4357341,-0.3368293,0,236.25,NaN,NaN,NaN,NaN,NaN,NaN,NaN,NaN,0,236.25,0,0,0,0,0,0,NaN,NaN,NaN,NaN,31.86550015,58.44957228,0,236.25,0,0,0,0,0,0,NaN,NaN,NaN,NaN,31.86550015,58.44957228
1.919998,,-0.03745034,0.05006067,0.05742243,-0.001787078,0.003820429,-0.003174255,-0.9041628,0.4357341,-0.3368293,0,236.25,NaN,NaN,NaN,NaN,NaN,NaN,NaN,NaN,0,236.25,0,0,0,0,0,0,NaN,NaN,NaN,NaN,31.86550015,58.44957228,0,236.25,0,0,0,0,0,0,NaN,NaN,NaN,NaN,31.86550015,58.44957228
1.929996,,-0.07626767,0.1155652,-0.01305184,-0.000662297,0.001770377,0.001141334,-0.9047713,0.4346316,-0.3367145,0,236.25,NaN,NaN,NaN,NaN,NaN,NaN,NaN,NaN,0,236.25,0,0,0,0,0,0,NaN,NaN,NaN,NaN,31.86550015,58.44957228,0,236.25,0,0,0,0,0,0,NaN,NaN,NaN,NaN,31.86550015,58.44957228
1.939999,,-0.0810904,0.0569667,-0.08829448,-0.000668213,0.000658157,0.004338266,-0.9055381,0.4345668,-0.3369258,0,236.25,NaN,NaN,NaN,NaN,NaN,NaN,NaN,NaN,0,236.25,0,0,0,0,0,0,NaN,NaN,NaN,NaN,31.86550015,58.44957228,0,236.25,0,0,0,0,0,0,NaN,NaN,NaN,NaN,31.86550015,58.44957228
1.949997,,-0.02058223,0.02956022,-0.04412058,-0.00596036,-0.00252837,0.002235634,-0.9046605,0.4352656,-0.3372338,0,236.25,NaN,NaN,NaN,NaN,NaN,NaN,NaN,NaN,0,236.25,0,0,0,0,0,0,NaN,NaN,NaN,NaN,31.86550015,58.44957228,0,236.25,0,0,0,0,0,0,NaN,NaN,NaN,NaN,31.86550015,58.44957228
1.959999,,-0.01951652,0.08242887,-0.02111657,0.000439644,-0.001428371,0.001135634,-0.9046605,0.4352656,-0.3372338,0,236.25,NaN,NaN,NaN,NaN,NaN,NaN,NaN,NaN,0,236.25,0,0,0,0,0,0,NaN,NaN,NaN,NaN,31.86550015,58.44957228,0,236.25,0,0,0,0,0,0,NaN,NaN,NaN,NaN,31.86550015,58.44957228
1.969997,,-0.1207724,0.1542268,0.04220567,0.002536044,-0.001441846,0.001131607,-0.9049699,0.4366956,-0.3377368,0,236.25,NaN,NaN,NaN,NaN,NaN,NaN,NaN,NaN,0,236.25,0,0,0,0,0,0,NaN,NaN,NaN,NaN,31.86550015,58.44957228,0,236.25,0,0,0,0,0,0,NaN,NaN,NaN,NaN,31.86550015,58.44957228
1.98,,-0.002143237,0.1539615,-0.04264675,-0.000646204,-0.001405186,0.00114081,-0.9049556,0.435305,-0.3372726,0,236.25,NaN,NaN,NaN,NaN,NaN,NaN,NaN,NaN,0,236.25,0,0,0,0,0,0,NaN,NaN,NaN,NaN,31.86550015,58.44957228,0,236.25,0,0,0,0,0,0,NaN,NaN,NaN,NaN,31.86550015,58.44957228
1.989998,,0.05600296,0.04451392,-0.04471089,-0.000667214,0.002860826,-0.00097072,-0.9053326,0.4353556,-0.3374997,0,236.25,NaN,NaN,NaN,NaN,NaN,NaN,NaN,NaN,0,236.25,0,0,0,0,0,0,NaN,NaN,NaN,NaN,31.86550015,58.44957228,0,236.25,0,0,0,0,0,0,NaN,NaN,NaN,NaN,31.86550015,58.44957228
2,,-0.0748501,0.07389273,0.07391945,0.0014387,-0.000326954,-0.000967653,-0.9053326,0.4353556,-0.3374997,0,236.25,NaN,NaN,NaN,NaN,NaN,NaN,NaN,NaN,0,236.25,0,0,0,0,0,0,NaN,NaN,NaN,NaN,31.86550015,58.44957228,0,236.25,0,0,0,0,0,0,NaN,NaN,NaN,NaN,31.86550015,58.44957228
2.009998,,0.02427522,0.08872637,0.05248956,-0.001774672,0.000657467,0.003227153,-0.9045748,0.4352171,-0.3376448,0,236.25,NaN,NaN,NaN,NaN,NaN,NaN,NaN,NaN,0,236.25,0,0,0,0,0,0,NaN,NaN,NaN,NaN,31.86550015,58.44957228,0,236.25,0,0,0,0,0,0,NaN,NaN,NaN,NaN,31.86550015,58.44957228
2.019997,,0.04808298,0.07930787,0.05117008,0.001431242,-0.001430313,-0.00206978,-0.9046755,0.4339557,-0.3369415,0,236.25,NaN,NaN,NaN,NaN,NaN,NaN,NaN,NaN,0,236.25,0,0,0,0,0,0,NaN,NaN,NaN,NaN,31.86550015,58.44957228,0,236.25,0,0,0,0,0,0,NaN,NaN,NaN,NaN,31.86550015,58.44957228
2.029999,,-0.1283056,0.02052497,0.05474622,-0.003854644,0.003898141,-0.000968942,-0.9042702,0.4344008,-0.3377322,0,236.25,NaN,NaN,NaN,NaN,NaN,NaN,NaN,NaN,0,236.25,0,0,0,0,0,0,NaN,NaN,NaN,NaN,31.86550015,58.44957228,0,236.25,0,0,0,0,0,0,NaN,NaN,NaN,NaN,31.86550015,58.44957228
2.039997,,-0.1283056,0.02052497,0.05474622,-0.003854644,0.003898141,-0.000968942,-0.9042702,0.4344008,-0.3377322,0,236.25,NaN,NaN,NaN,NaN,NaN,NaN,NaN,NaN,0,236.25,0,0,0,0,0,0,NaN,NaN,NaN,NaN,31.86550015,58.44957228,0,236.25,0,0,0,0,0,0,NaN,NaN,NaN,NaN,31.86550015,58.44957228
2.049999,,0.04842675,0.1177515,0.0605607,-0.000656575,-0.001402556,0.003224977,-0.9021253,0.4348888,-0.3374801,0,236.25,NaN,NaN,NaN,NaN,NaN,NaN,NaN,NaN,0,236.25,0,0,0,0,0,0,NaN,NaN,NaN,NaN,31.86550015,58.44957228,0,236.25,0,0,0,0,0,0,NaN,NaN,NaN,NaN,31.86550015,58.44957228
2.059998,,-0.1030459,0.006707197,0.07290652,0.001425676,-0.002539215,-0.004184225,-0.9013404,0.4346599,-0.3381845,0,236.25,NaN,NaN,NaN,NaN,NaN,NaN,NaN,NaN,0,236.25,0,0,0,0,0,0,NaN,NaN,NaN,NaN,31.86550015,58.44957228,0,236.25,0,0,0,0,0,0,NaN,NaN,NaN,NaN,31.86550015,58.44957228
2.07,,-0.04437651,0.1176275,0.1051833,-0.005950846,-0.005681048,2.64E-05,-0.9014261,0.4342949,-0.3386799,0,236.25,NaN,NaN,NaN,NaN,NaN,NaN,NaN,NaN,0,236.25,0,0,0,0,0,0,NaN,NaN,NaN,NaN,31.86550015,58.44957228,0,236.25,0,0,0,0,0,0,NaN,NaN,NaN,NaN,31.86550015,58.44957228
2.079998,,-0.04437651,0.1176275,0.1051833,-0.005950846,-0.005681048,2.64E-05,-0.9014261,0.4342949,-0.3386799,0,236.25,NaN,NaN,NaN,NaN,NaN,NaN,NaN,NaN,0,236.25,0,0,0,0,0,0,NaN,NaN,NaN,NaN,31.86550015,58.44957228,0,236.25,0,0,0,0,0,0,NaN,NaN,NaN,NaN,31.86550015,58.44957228
2.089996,,0.05680657,0.1117058,-0.0263331,0.006735094,0.005004161,2.12E-05,-0.9017838,0.4353051,-0.3399443,0,236.25,NaN,NaN,NaN,NaN,NaN,NaN,NaN,NaN,0,236.25,0,0,0,0,0,0,NaN,NaN,NaN,NaN,31.86550015,58.44957228,0,236.25,0,0,0,0,0,0,NaN,NaN,NaN,NaN,31.86550015,58.44957228
2.099998,,0.003331813,0.000898158,-0.05429675,0.004617341,-0.001432499,-0.000987967,-0.902368,0.4338429,-0.3390294,0,236.25,NaN,NaN,NaN,NaN,NaN,NaN,NaN,NaN,0,236.25,0,0,0,0,0,0,NaN,NaN,NaN,NaN,31.86550015,58.44957228,0,236.25,0,0,0,0,0,0,NaN,NaN,NaN,NaN,31.86550015,58.44957228
2.109997,,-0.08747187,0.01443664,-0.05291614,-0.000662141,-0.003489786,0.00322158,-0.9020285,0.433193,-0.340207,0,236.25,NaN,NaN,NaN,NaN,NaN,NaN,NaN,NaN,0,236.25,0,0,0,0,0,0,NaN,NaN,NaN,NaN,31.86550015,58.44957228,0,236.25,0,0,0,0,0,0,NaN,NaN,NaN,NaN,31.86550015,58.44957228
2.119999,,-0.08747187,0.01443664,-0.05291614,-0.000662141,-0.003489786,0.00322158,-0.9020285,0.433193,-0.340207,0,236.25,NaN,NaN,NaN,NaN,NaN,NaN,NaN,NaN,0,236.25,0,0,0,0,0,0,NaN,NaN,NaN,NaN,31.86550015,58.44957228,0,236.25,0,0,0,0,0,0,NaN,NaN,NaN,NaN,31.86550015,58.44957228
2.129997,,0.04005392,-0.007695017,-0.008394503,-0.000675947,-0.003524334,-0.002098038,-0.9002045,0.4329452,-0.3394128,0,236.25,NaN,NaN,NaN,NaN,NaN,NaN,NaN,NaN,0,236.25,0,0,0,0,0,0,NaN,NaN,NaN,NaN,31.86550015,58.44957228,0,236.25,0,0,0,0,0,0,NaN,NaN,NaN,NaN,31.86550015,58.44957228
2.139999,,-0.03146026,0.09709697,0.004355526,0.002524056,-0.003524334,0.001101962,-0.8998417,0.4334373,-0.3398,0,236.25,NaN,NaN,NaN,NaN,NaN,NaN,NaN,NaN,0,236.25,0,0,0,0,0,0,NaN,NaN,NaN,NaN,31.86550015,58.44957228,0,236.25,0,0,0,0,0,0,NaN,NaN,NaN,NaN,31.86550015,58.44957228
2.149998,,0.006780451,0.05800384,-0.06938325,0.001431204,-0.003498523,-0.003191888,-0.8995783,0.4320705,-0.3396386,0,236.25,NaN,NaN,NaN,NaN,NaN,NaN,NaN,NaN,0,236.25,0,0,0,0,0,0,NaN,NaN,NaN,NaN,31.86550015,58.44957228,0,236.25,0,0,0,0,0,0,NaN,NaN,NaN,NaN,31.86550015,58.44957228
2.16,,-0.05195306,0.1194338,-0.08083053,0.001431204,0.000701476,8.11E-06,-0.8995783,0.4320705,-0.3396386,0,236.25,NaN,NaN,NaN,NaN,NaN,NaN,NaN,NaN,0,236.25,0,0,0,0,0,0,NaN,NaN,NaN,NaN,31.86550015,58.44957228,0,236.25,0,0,0,0,0,0,NaN,NaN,NaN,NaN,31.86550015,58.44957228
2.169998,,0.06198397,0.08776975,-0.03066116,0.001429394,-0.000292867,0.001118027,-0.8998395,0.4325521,-0.3406751,0,236.25,NaN,NaN,NaN,NaN,NaN,NaN,NaN,NaN,0,236.25,0,0,0,0,0,0,NaN,NaN,NaN,NaN,31.86550015,58.44957228,0,236.25,0,0,0,0,0,0,NaN,NaN,NaN,NaN,31.86550015,58.44957228
2.179996,,0.06545491,0.04435978,-0.05892497,0.004584432,0.000614261,-0.003205286,-0.9000273,0.4315192,-0.3404151,0,236.25,NaN,NaN,NaN,NaN,NaN,NaN,NaN,NaN,0,236.25,0,0,0,0,0,0,NaN,NaN,NaN,NaN,31.86550015,58.44957228,0,236.25,0,0,0,0,0,0,NaN,NaN,NaN,NaN,31.86550015,58.44957228
2.189999,,-0.0427283,0.08319475,0.04357467,0.000411093,0.001774644,-0.000983835,-0.9003329,0.4299746,-0.3402321,0,236.25,NaN,NaN,NaN,NaN,NaN,NaN,NaN,NaN,0,236.25,0,0,0,0,0,0,NaN,NaN,NaN,NaN,31.86550015,58.44957228,0,236.25,0,0,0,0,0,0,NaN,NaN,NaN,NaN,31.86550015,58.44957228
2.199997,,0.04494384,0.06031953,0.06190169,0.005705178,0.000662424,-0.000986903,-0.9003329,0.4299746,-0.3402321,0,236.25,NaN,NaN,NaN,NaN,NaN,NaN,NaN,NaN,0,236.25,0,0,0,0,0,0,NaN,NaN,NaN,NaN,31.86550015,58.44957228,0,236.25,0,0,0,0,0,0,NaN,NaN,NaN,NaN,31.86550015,58.44957228
2.209999,,-0.08764557,0.1014454,0.0127764,-0.005979426,-0.000292139,0.00112318,-0.9007521,0.4292445,-0.3402697,0,236.25,NaN,NaN,NaN,NaN,NaN,NaN,NaN,NaN,0,236.25,0,0,0,0,0,0,NaN,NaN,NaN,NaN,31.86550015,58.44957228,0,236.25,0,0,0,0,0,0,NaN,NaN,NaN,NaN,31.86550015,58.44957228
2.219997,,-0.0139799,0.1206622,-0.02128237,0.000387445,0.002839429,-0.003193998,-0.9005069,0.4290306,-0.3404175,0,236.25,NaN,NaN,NaN,NaN,NaN,NaN,NaN,NaN,0,236.25,0,0,0,0,0,0,NaN,NaN,NaN,NaN,31.86550015,58.44957228,0,236.25,0,0,0,0,0,0,NaN,NaN,NaN,NaN,31.86550015,58.44957228
2.23,,-0.158497,0.01499146,0.02409643,0.003495917,0.001736986,0.00320564,-0.9004951,0.430677,-0.3402874,0,236.25,NaN,NaN,NaN,NaN,NaN,NaN,NaN,NaN,0,236.25,0,0,0,0,0,0,NaN,NaN,NaN,NaN,31.86550015,58.44957228,0,236.25,0,0,0,0,0,0,NaN,NaN,NaN,NaN,31.86550015,58.44957228
2.239998,,-0.08578707,0.08549302,-0.09693398,0.001406565,0.002858982,-0.000988838,-0.9004951,0.430677,-0.3402874,0,236.25,NaN,NaN,NaN,NaN,NaN,NaN,NaN,NaN,0,236.25,0,0,0,0,0,0,NaN,NaN,NaN,NaN,31.86550015,58.44957228,0,236.25,0,0,0,0,0,0,NaN,NaN,NaN,NaN,31.86550015,58.44957228
2.25,,-0.01008873,0.06303418,-0.04421537,0.000408381,-0.000328995,0.004311201,-0.8988066,0.4302633,-0.3407664,0,236.25,NaN,NaN,NaN,NaN,NaN,NaN,NaN,NaN,0,236.25,0,0,0,0,0,0,NaN,NaN,NaN,NaN,31.86550015,58.44957228,0,236.25,0,0,0,0,0,0,NaN,NaN,NaN,NaN,31.86550015,58.44957228
2.259998,,-0.05203792,0.02837775,-0.1031465,-0.000675052,0.000705221,-0.00208021,-0.8982421,0.4289128,-0.3414555,0,236.25,NaN,NaN,NaN,NaN,NaN,NaN,NaN,NaN,0,236.25,0,0,0,0,0,0,NaN,NaN,NaN,NaN,31.86550015,58.44957228,0,236.25,0,0,0,0,0,0,NaN,NaN,NaN,NaN,31.86550015,58.44957228
2.269997,,0.04349387,0.09242303,-0.02914086,0.001425639,0.002907294,-0.002083588,-0.8988306,0.428326,-0.3407692,0,236.25,NaN,NaN,NaN,NaN,NaN,NaN,NaN,NaN,0,236.25,0,0,0,0,0,0,NaN,NaN,NaN,NaN,31.86550015,58.44957228,0,236.25,0,0,0,0,0,0,NaN,NaN,NaN,NaN,31.86550015,58.44957228
2.279999,,-0.109653,0.2309218,0.05569698,0.004609071,0.000673078,7.82E-06,-0.8988306,0.428326,-0.3407692,0,236.25,NaN,NaN,NaN,NaN,NaN,NaN,NaN,NaN,0,236.25,0,0,0,0,0,0,NaN,NaN,NaN,NaN,31.86550015,58.44957228,0,236.25,0,0,0,0,0,0,NaN,NaN,NaN,NaN,31.86550015,58.44957228
2.289997,,-0.03778385,0.03528751,0.03471227,-0.002807848,0.001742619,0.003195357,-0.8986713,0.4278891,-0.3418906,0,236.25,NaN,NaN,NaN,NaN,NaN,NaN,NaN,NaN,0,236.25,0,0,0,0,0,0,NaN,NaN,NaN,NaN,31.86550015,58.44957228,0,236.25,0,0,0,0,0,0,NaN,NaN,NaN,NaN,31.86550015,58.44957228
2.299999,,0.02646496,0.02568925,-0.007479921,-0.002774715,0.001811051,0.002212535,-0.8983058,0.4283007,-0.3430293,0,236.25,NaN,NaN,NaN,NaN,NaN,NaN,NaN,NaN,0,236.25,0,0,0,0,0,0,NaN,NaN,NaN,NaN,31.86550015,58.44957228,0,236.25,0,0,0,0,0,0,NaN,NaN,NaN,NaN,31.86550015,58.44957228
2.309998,,0.04682056,0.1053738,-0.1202045,-0.001805682,0.006040952,0.005389877,-0.8964072,0.4282167,-0.3423523,0,236.25,NaN,NaN,NaN,NaN,NaN,NaN,NaN,NaN,0,236.25,0,0,0,0,0,0,NaN,NaN,NaN,NaN,31.86550015,58.44957228,0,236.25,0,0,0,0,0,0,NaN,NaN,NaN,NaN,31.86550015,58.44957228
2.32,,-0.1121928,0.1059168,0.005736026,-0.000672542,0.002909384,0.003207055,-0.8964072,0.4282167,-0.3423523,0,236.25,NaN,NaN,NaN,NaN,NaN,NaN,NaN,NaN,0,236.25,0,0,0,0,0,0,NaN,NaN,NaN,NaN,31.86550015,58.44957228,0,236.25,0,0,0,0,0,0,NaN,NaN,NaN,NaN,31.86550015,58.44957228
2.329998,,0.07945225,0.1086551,0.07886099,0.000390977,-0.001464145,-0.001013322,-0.8952717,0.4287798,-0.3415616,0,236.25,NaN,NaN,NaN,NaN,NaN,NaN,NaN,NaN,0,236.25,0,0,0,0,0,0,NaN,NaN,NaN,NaN,31.86550015,58.44957228,0,236.25,0,0,0,0,0,0,NaN,NaN,NaN,NaN,31.86550015,58.44957228
2.339996,,0.02984334,0.09138311,-0.08981429,0.001419373,0.000694511,0.004301402,-0.8953097,0.4291779,-0.3420835,0,236.25,NaN,NaN,NaN,NaN,NaN,NaN,NaN,NaN,0,236.25,0,0,0,0,0,0,NaN,NaN,NaN,NaN,31.86550015,58.44957228,0,236.25,0,0,0,0,0,0,NaN,NaN,NaN,NaN,31.86550015,58.44957228
2.349998,,-0.04017809,0.106527,0.005729554,-0.001776297,0.002907062,0.002203196,-0.8936926,0.4284016,-0.342804,0,236.25,NaN,NaN,NaN,NaN,NaN,NaN,NaN,NaN,0,236.25,0,0,0,0,0,0,NaN,NaN,NaN,NaN,31.86550015,58.44957228,0,236.25,0,0,0,0,0,0,NaN,NaN,NaN,NaN,31.86550015,58.44957228
2.359997,,-0.04017809,0.106527,0.005729554,-0.001776297,0.002907062,0.002203196,-0.8936926,0.4284016,-0.342804,0,236.25,NaN,NaN,NaN,NaN,NaN,NaN,NaN,NaN,0,236.25,0,0,0,0,0,0,NaN,NaN,NaN,NaN,31.86550015,58.44957228,0,236.25,0,0,0,0,0,0,NaN,NaN,NaN,NaN,31.86550015,58.44957228
2.369999,,0.07225649,0.08884683,0.03672456,-0.000709146,-0.003562629,-0.00101118,-0.8941293,0.4274502,-0.3417705,0,236.25,NaN,NaN,NaN,NaN,NaN,NaN,NaN,NaN,0,236.25,0,0,0,0,0,0,NaN,NaN,NaN,NaN,31.86550015,58.44957228,0,236.25,0,0,0,0,0,0,NaN,NaN,NaN,NaN,31.86550015,58.44957228
2.379997,,0.03207776,0.1311832,0.01477263,0.001390852,0.00173737,0.00218882,-0.8944381,0.4275585,-0.3425187,0,236.25,NaN,NaN,NaN,NaN,NaN,NaN,NaN,NaN,0,236.25,0,0,0,0,0,0,NaN,NaN,NaN,NaN,31.86550015,58.44957228,0,236.25,0,0,0,0,0,0,NaN,NaN,NaN,NaN,31.86550015,58.44957228
2.389999,,0.1726644,0.08006959,0.03474554,0.003502838,0.000671317,0.001099601,-0.8945171,0.4274213,-0.3421879,0,236.25,NaN,NaN,NaN,NaN,NaN,NaN,NaN,NaN,0,236.25,0,0,0,0,0,0,NaN,NaN,NaN,NaN,31.86550015,58.44957228,0,236.25,0,0,0,0,0,0,NaN,NaN,NaN,NaN,31.86550015,58.44957228
2.399998,,0.1726644,0.08006959,0.03474554,0.003502838,0.000671317,0.001099601,-0.8945171,0.4274213,-0.3421879,0,236.25,NaN,NaN,NaN,NaN,NaN,NaN,NaN,NaN,0,236.25,0,0,0,0,0,0,NaN,NaN,NaN,NaN,31.86550015,58.44957228,0,236.25,0,0,0,0,0,0,NaN,NaN,NaN,NaN,31.86550015,58.44957228
2.41,,0.04432251,0.04463063,-0.02759589,0.004585214,0.001738456,-0.006409661,-0.8938447,0.4269199,-0.3424096,0,236.25,NaN,NaN,NaN,NaN,NaN,NaN,NaN,NaN,0,236.25,0,0,0,0,0,0,NaN,NaN,NaN,NaN,31.86550015,58.44957228,0,236.25,0,0,0,0,0,0,NaN,NaN,NaN,NaN,31.86550015,58.44957228
2.419998,,-0.08495194,0.05781975,-0.02876231,-0.004981652,0.000706888,0.002207517,-0.8944005,0.425894,-0.3421826,0,236.25,NaN,NaN,NaN,NaN,NaN,NaN,NaN,NaN,0,236.25,0,0,0,0,0,0,NaN,NaN,NaN,NaN,31.86550015,58.44957228,0,236.25,0,0,0,0,0,0,NaN,NaN,NaN,NaN,31.86550015,58.44957228
2.429996,,0.08597375,0.1414682,0.0303063,0.000440329,-0.000242387,0.002215207,-0.8942344,0.4265389,-0.3425857,0,236.25,NaN,NaN,NaN,NaN,NaN,NaN,NaN,NaN,0,236.25,0,0,0,0,0,0,NaN,NaN,NaN,NaN,31.86550015,58.44957228,0,236.25,0,0,0,0,0,0,NaN,NaN,NaN,NaN,31.86550015,58.44957228
2.439999,,-0.04853873,0.1449478,0.02508631,-0.000716478,-0.000359699,0.006385758,-0.8942344,0.4265389,-0.3425857,0,236.25,NaN,NaN,NaN,NaN,NaN,NaN,NaN,NaN,0,236.25,0,0,0,0,0,0,NaN,NaN,NaN,NaN,31.86550015,58.44957228,0,236.25,0,0,0,0,0,0,NaN,NaN,NaN,NaN,31.86550015,58.44957228
2.449997,,0.01161146,0.0407371,0.0515122,0.004585221,0.000636314,-0.001017834,-0.8921503,0.4260741,-0.3421304,0,236.25,NaN,NaN,NaN,NaN,NaN,NaN,NaN,NaN,0,236.25,0,0,0,0,0,0,NaN,NaN,NaN,NaN,31.86550015,58.44957228,0,236.25,0,0,0,0,0,0,NaN,NaN,NaN,NaN,31.86550015,58.44957228
2.459999,,-0.0796393,0.01966365,-0.02807911,-0.000698209,-0.00142947,-9.24E-06,-0.8922717,0.4253175,-0.341923,0,236.25,NaN,NaN,NaN,NaN,NaN,NaN,NaN,NaN,0,236.25,0,0,0,0,0,0,NaN,NaN,NaN,NaN,31.86550015,58.44957228,0,236.25,0,0,0,0,0,0,NaN,NaN,NaN,NaN,31.86550015,58.44957228
2.469997,,0.01079829,0.1027523,0.0458483,-0.001815286,-0.001465035,0.00108343,-0.8920267,0.4252738,-0.3427173,0,236.25,NaN,NaN,NaN,NaN,NaN,NaN,NaN,NaN,0,236.25,0,0,0,0,0,0,NaN,NaN,NaN,NaN,31.86550015,58.44957228,0,236.25,0,0,0,0,0,0,NaN,NaN,NaN,NaN,31.86550015,58.44957228
2.48,,0.01079829,0.1027523,0.0458483,-0.001815286,-0.001465035,0.00108343,-0.8920267,0.4252738,-0.3427173,0,236.25,NaN,NaN,NaN,NaN,NaN,NaN,NaN,NaN,0,236.25,0,0,0,0,0,0,NaN,NaN,NaN,NaN,31.86550015,58.44957228,0,236.25,0,0,0,0,0,0,NaN,NaN,NaN,NaN,31.86550015,58.44957228
2.489998,,-0.01389163,0.02001116,-0.04205624,0.001421362,-0.001393204,5.06E-06,-0.8914197,0.4258111,-0.3439423,0,236.25,NaN,NaN,NaN,NaN,NaN,NaN,NaN,NaN,0,236.25,0,0,0,0,0,0,NaN,NaN,NaN,NaN,31.86550015,58.44957228,0,236.25,0,0,0,0,0,0,NaN,NaN,NaN,NaN,31.86550015,58.44957228
2.5,,0.01192862,0.1078517,0.06487846,-0.002772719,-0.004580983,-0.008491871,-0.8915897,0.4262876,-0.3432531,0,236.25,NaN,NaN,NaN,NaN,NaN,NaN,NaN,NaN,0,236.25,0,0,0,0,0,0,NaN,NaN,NaN,NaN,31.86550015,58.44957228,0,236.25,0,0,0,0,0,0,NaN,NaN,NaN,NaN,31.86550015,58.44957228
2.509998,,-0.08163098,0.04906616,0.01933614,-0.001795378,-0.00353024,0.002200413,-0.8929418,0.4258135,-0.3422068,0,236.25,NaN,NaN,NaN,NaN,NaN,NaN,NaN,NaN,0,236.25,0,0,0,0,0,0,NaN,NaN,NaN,NaN,31.86550015,58.44957228,0,236.25,0,0,0,0,0,0,NaN,NaN,NaN,NaN,31.86550015,58.44957228
2.519997,,-0.08163098,0.04906616,0.01933614,-0.001795378,-0.00353024,0.002200413,-0.8929418,0.4258135,-0.3422068,0,236.25,NaN,NaN,NaN,NaN,NaN,NaN,NaN,NaN,0,236.25,0,0,0,0,0,0,NaN,NaN,NaN,NaN,31.86550015,58.44957228,0,236.25,0,0,0,0,0,0,NaN,NaN,NaN,NaN,31.86550015,58.44957228
2.529999,,-0.05212387,0.0734723,0.03608628,0.00140211,-0.003537414,-0.00100051,-0.892684,0.4263664,-0.3423707,0,236.25,NaN,NaN,NaN,NaN,NaN,NaN,NaN,NaN,0,236.25,0,0,0,0,0,0,NaN,NaN,NaN,NaN,31.86550015,58.44957228,0,236.25,0,0,0,0,0,0,NaN,NaN,NaN,NaN,31.86550015,58.44957228
2.539997,,-0.04588901,0.1493363,-0.003821165,-0.001791973,-0.000325195,-0.003197442,-0.8930157,0.4267653,-0.3437227,0,236.25,NaN,NaN,NaN,NaN,NaN,NaN,NaN,NaN,0,236.25,0,0,0,0,0,0,NaN,NaN,NaN,NaN,31.86550015,58.44957228,0,236.25,0,0,0,0,0,0,NaN,NaN,NaN,NaN,31.86550015,58.44957228
2.549999,,-0.0486558,0.06740236,-0.05038828,-0.003876079,-0.00030296,-0.000989897,-0.8932396,0.4270069,-0.3437106,0,236.25,NaN,NaN,NaN,NaN,NaN,NaN,NaN,NaN,0,236.25,0,0,0,0,0,0,NaN,NaN,NaN,NaN,31.86550015,58.44957228,0,236.25,0,0,0,0,0,0,NaN,NaN,NaN,NaN,31.86550015,58.44957228
2.559998,,-0.0486558,0.06740236,-0.05038828,-0.003876079,-0.00030296,-0.000989897,-0.8932396,0.4270069,-0.3437106,0,236.25,NaN,NaN,NaN,NaN,NaN,NaN,NaN,NaN,0,236.25,0,0,0,0,0,0,NaN,NaN,NaN,NaN,31.86550015,58.44957228,0,236.25,0,0,0,0,0,0,NaN,NaN,NaN,NaN,31.86550015,58.44957228
2.57,,0.1303017,0.126762,-0.01558824,0.003510274,-0.002535692,0.001098217,-0.8937111,0.4283066,-0.3435323,0,236.25,NaN,NaN,NaN,NaN,NaN,NaN,NaN,NaN,0,236.25,0,0,0,0,0,0,NaN,NaN,NaN,NaN,31.86550015,58.44957228,0,236.25,0,0,0,0,0,0,NaN,NaN,NaN,NaN,31.86550015,58.44957228
2.579998,,0.01249928,0.08309789,0.007595349,0.001416184,-0.000323474,-0.000998717,-0.8931517,0.4286964,-0.3439698,0,236.25,NaN,NaN,NaN,NaN,NaN,NaN,NaN,NaN,0,236.25,0,0,0,0,0,0,NaN,NaN,NaN,NaN,31.86550015,58.44957228,0,236.25,0,0,0,0,0,0,NaN,NaN,NaN,NaN,31.86550015,58.44957228
2.589996,,-0.04970212,0.1926657,0.01948525,0.001403354,-0.004657328,-8.25E-06,-0.8927503,0.42918,-0.3440733,0,236.25,NaN,NaN,NaN,NaN,NaN,NaN,NaN,NaN,0,236.25,0,0,0,0,0,0,NaN,NaN,NaN,NaN,31.86550015,58.44957228,0,236.25,0,0,0,0,0,0,NaN,NaN,NaN,NaN,31.86550015,58.44957228
2.599998,,-0.04970212,0.1926657,0.01948525,0.001403354,-0.004657328,-8.25E-06,-0.8927503,0.42918,-0.3440733,0,236.25,NaN,NaN,NaN,NaN,NaN,NaN,NaN,NaN,0,236.25,0,0,0,0,0,0,NaN,NaN,NaN,NaN,31.86550015,58.44957228,0,236.25,0,0,0,0,0,0,NaN,NaN,NaN,NaN,31.86550015,58.44957228
2.609997,,0.106981,0.04531854,-0.01777581,-0.002805702,-0.000369022,0.002196678,-0.8942826,0.4282427,-0.3448445,0,236.25,NaN,NaN,NaN,NaN,NaN,NaN,NaN,NaN,0,236.25,0,0,0,0,0,0,NaN,NaN,NaN,NaN,31.86550015,58.44957228,0,236.25,0,0,0,0,0,0,NaN,NaN,NaN,NaN,31.86550015,58.44957228
2.619999,,0.1286117,0.1035013,0.02770909,0.001410864,0.001765193,-0.005294732,-0.8944648,0.4283418,-0.3445753,0,236.25,NaN,NaN,NaN,NaN,NaN,NaN,NaN,NaN,0,236.25,0,0,0,0,0,0,NaN,NaN,NaN,NaN,31.86550015,58.44957228,0,236.25,0,0,0,0,0,0,NaN,NaN,NaN,NaN,31.86550015,58.44957228
2.629997,,0.008746974,0.09768305,0.02146087,-0.001779128,-0.001426951,0.002212969,-0.8955804,0.4290371,-0.343529,0,236.25,NaN,NaN,NaN,NaN,NaN,NaN,NaN,NaN,0,236.25,0,0,0,0,0,0,NaN,NaN,NaN,NaN,31.86550015,58.44957228,0,236.25,0,0,0,0,0,0,NaN,NaN,NaN,NaN,31.86550015,58.44957228
2.639999,,0.008746974,0.09768305,0.02146087,-0.001779128,-0.001426951,0.002212969,-0.8955804,0.4290371,-0.343529,0,236.25,NaN,NaN,NaN,NaN,NaN,NaN,NaN,NaN,0,236.25,0,0,0,0,0,0,NaN,NaN,NaN,NaN,31.86550015,58.44957228,0,236.25,0,0,0,0,0,0,NaN,NaN,NaN,NaN,31.86550015,58.44957228
2.649998,,-0.0773918,0.09696718,0.02253542,-0.000695102,0.001736888,8.45E-06,-0.8953474,0.4281953,-0.3436235,0,236.25,NaN,NaN,NaN,NaN,NaN,NaN,NaN,NaN,0,236.25,0,0,0,0,0,0,NaN,NaN,NaN,NaN,31.86550015,58.44957228,0,236.25,0,0,0,0,0,0,NaN,NaN,NaN,NaN,31.86550015,58.44957228
2.66,,0.03683859,0.08714084,-0.05684822,0.000415556,-0.000341117,0.002213974,-0.8962454,0.428744,-0.3429915,0,236.25,NaN,NaN,NaN,NaN,NaN,NaN,NaN,NaN,0,236.25,0,0,0,0,0,0,NaN,NaN,NaN,NaN,31.86550015,58.44957228,0,236.25,0,0,0,0,0,0,NaN,NaN,NaN,NaN,31.86550015,58.44957228
2.669998,,-0.0283117,0.005675089,-0.03681352,0.003543474,-0.002483051,2.95E-05,-0.8951567,0.4285592,-0.3439857,0,236.25,NaN,NaN,NaN,NaN,NaN,NaN,NaN,NaN,0,236.25,0,0,0,0,0,0,NaN,NaN,NaN,NaN,31.86550015,58.44957228,0,236.25,0,0,0,0,0,0,NaN,NaN,NaN,NaN,31.86550015,58.44957228
2.679996,,-0.0283117,0.005675089,-0.03681352,0.003543474,-0.002483051,2.95E-05,-0.8951567,0.4285592,-0.3439857,0,236.25,NaN,NaN,NaN,NaN,NaN,NaN,NaN,NaN,0,236.25,0,0,0,0,0,0,NaN,NaN,NaN,NaN,31.86550015,58.44957228,0,236.25,0,0,0,0,0,0,NaN,NaN,NaN,NaN,31.86550015,58.44957228
2.689999,,-0.1558484,0.09215613,0.06644692,0.004576549,-0.000419701,-3.38E-06,-0.8955534,0.4286497,-0.3453028,0,236.25,NaN,NaN,NaN,NaN,NaN,NaN,NaN,NaN,0,236.25,0,0,0,0,0,0,NaN,NaN,NaN,NaN,31.86550015,58.44957228,0,236.25,0,0,0,0,0,0,NaN,NaN,NaN,NaN,31.86550015,58.44957228
2.699997,,0.1235936,-0.01250246,-0.06130265,-0.00179505,-0.004661044,-0.003188655,-0.8952861,0.4282532,-0.3454701,0,236.25,NaN,NaN,NaN,NaN,NaN,NaN,NaN,NaN,0,236.25,0,0,0,0,0,0,NaN,NaN,NaN,NaN,31.86550015,58.44957228,0,236.25,0,0,0,0,0,0,NaN,NaN,NaN,NaN,31.86550015,58.44957228
2.709999,,-0.01216238,0.06940765,0.06173103,0.00250268,0.001738015,-0.000983845,-0.8960716,0.4274399,-0.3454561,0,236.25,NaN,NaN,NaN,NaN,NaN,NaN,NaN,NaN,0,236.25,0,0,0,0,0,0,NaN,NaN,NaN,NaN,31.86550015,58.44957228,0,236.25,0,0,0,0,0,0,NaN,NaN,NaN,NaN,31.86550015,58.44957228
2.719997,,-0.01216238,0.06940765,0.06173103,0.00250268,0.001738015,-0.000983845,-0.8960716,0.4274399,-0.3454561,0,236.25,NaN,NaN,NaN,NaN,NaN,NaN,NaN,NaN,0,236.25,0,0,0,0,0,0,NaN,NaN,NaN,NaN,31.86550015,58.44957228,0,236.25,0,0,0,0,0,0,NaN,NaN,NaN,NaN,31.86550015,58.44957228
2.73,,0.08805595,0.08344398,-0.01251635,-0.000658222,0.001820335,0.001136934,-0.8956389,0.4273806,-0.3458177,0,236.25,NaN,NaN,NaN,NaN,NaN,NaN,NaN,NaN,0,236.25,0,0,0,0,0,0,NaN,NaN,NaN,NaN,31.86550015,58.44957228,0,236.25,0,0,0,0,0,0,NaN,NaN,NaN,NaN,31.86550015,58.44957228
2.739998,,-0.002630834,0.09236524,-0.006340238,-0.00495822,-0.002479664,-0.002063066,-0.8960273,0.4272833,-0.3455969,0,236.25,NaN,NaN,NaN,NaN,NaN,NaN,NaN,NaN,0,236.25,0,0,0,0,0,0,NaN,NaN,NaN,NaN,31.86550015,58.44957228,0,236.25,0,0,0,0,0,0,NaN,NaN,NaN,NaN,31.86550015,58.44957228
2.75,,0.02162761,0.09160986,-0.07014022,-0.001784343,-0.004635846,-0.004174604,-0.8957729,0.4280027,-0.3459136,0,236.25,NaN,NaN,NaN,NaN,NaN,NaN,NaN,NaN,0,236.25,0,0,0,0,0,0,NaN,NaN,NaN,NaN,31.86550015,58.44957228,0,236.25,0,0,0,0,0,0,NaN,NaN,NaN,NaN,31.86550015,58.44957228
2.759998,,0.02162761,0.09160986,-0.07014022,-0.001784343,-0.004635846,-0.004174604,-0.8957729,0.4280027,-0.3459136,0,236.25,NaN,NaN,NaN,NaN,NaN,NaN,NaN,NaN,0,236.25,0,0,0,0,0,0,NaN,NaN,NaN,NaN,31.86550015,58.44957228,0,236.25,0,0,0,0,0,0,NaN,NaN,NaN,NaN,31.86550015,58.44957228
2.769997,,-0.04433381,0.03967483,0.01173553,0.000428982,0.002885542,0.005425067,-0.89547,0.4284032,-0.3481201,0,236.25,NaN,NaN,NaN,NaN,NaN,NaN,NaN,NaN,0,236.25,0,0,0,0,0,0,NaN,NaN,NaN,NaN,31.86550015,58.44957228,0,236.25,0,0,0,0,0,0,NaN,NaN,NaN,NaN,31.86550015,58.44957228
2.779999,,-0.1795402,0.1819054,0.009350122,-0.004987583,0.000651327,0.002216479,-0.8936445,0.4277683,-0.3478,0,236.25,NaN,NaN,NaN,NaN,NaN,NaN,NaN,NaN,0,236.25,0,0,0,0,0,0,NaN,NaN,NaN,NaN,31.86550015,58.44957228,0,236.25,0,0,0,0,0,0,NaN,NaN,NaN,NaN,31.86550015,58.44957228
2.789997,,-0.1152622,0.06798539,0.02587605,-0.001773749,-0.000327818,-0.002081027,-0.8943099,0.4291106,-0.3466341,0,236.25,NaN,NaN,NaN,NaN,NaN,NaN,NaN,NaN,0,236.25,0,0,0,0,0,0,NaN,NaN,NaN,NaN,31.86550015,58.44957228,0,236.25,0,0,0,0,0,0,NaN,NaN,NaN,NaN,31.86550015,58.44957228
2.799999,,-0.1152622,0.06798539,0.02587605,-0.001773749,-0.000327818,-0.002081027,-0.8943099,0.4291106,-0.3466341,0,236.25,NaN,NaN,NaN,NaN,NaN,NaN,NaN,NaN,0,236.25,0,0,0,0,0,0,NaN,NaN,NaN,NaN,31.86550015,58.44957228,0,236.25,0,0,0,0,0,0,NaN,NaN,NaN,NaN,31.86550015,58.44957228
2.809998,,-0.09842421,0.1260569,0.06673685,0.004627928,-0.002523664,0.004320156,-0.8947585,0.4284202,-0.345845,0,236.25,NaN,NaN,NaN,NaN,NaN,NaN,NaN,NaN,0,236.25,0,0,0,0,0,0,NaN,NaN,NaN,NaN,31.86550015,58.44957228,0,236.25,0,0,0,0,0,0,NaN,NaN,NaN,NaN,31.86550015,58.44957228
2.82,,0.02965806,0.08170962,-0.09453993,-0.001782719,0.002854339,-0.003185364,-0.8950507,0.4274279,-0.3465942,0,236.25,NaN,NaN,NaN,NaN,NaN,NaN,NaN,NaN,0,236.25,0,0,0,0,0,0,NaN,NaN,NaN,NaN,31.86550015,58.44957228,0,236.25,0,0,0,0,0,0,NaN,NaN,NaN,NaN,31.86550015,58.44957228
2.829998,,0.06625825,0.1018754,-0.04504243,0.000419423,0.001759081,-0.004184799,-0.8955306,0.4283376,-0.3467728,0,236.25,NaN,NaN,NaN,NaN,NaN,NaN,NaN,NaN,0,236.25,0,0,0,0,0,0,NaN,NaN,NaN,NaN,31.86550015,58.44957228,0,236.25,0,0,0,0,0,0,NaN,NaN,NaN,NaN,31.86550015,58.44957228
2.839996,,0.06625825,0.1018754,-0.04504243,0.000419423,0.001759081,-0.004184799,-0.8955306,0.4283376,-0.3467728,0,236.25,NaN,NaN,NaN,NaN,NaN,NaN,NaN,NaN,0,236.25,0,0,0,0,0,0,NaN,NaN,NaN,NaN,31.86550015,58.44957228,0,236.25,0,0,0,0,0,0,NaN,NaN,NaN,NaN,31.86550015,58.44957228
2.849998,,0.01389811,0.1073692,0.03027026,0.001434959,-0.00141029,0.002233547,-0.8974242,0.4288155,-0.3465081,0,236.25,NaN,NaN,NaN,NaN,NaN,NaN,NaN,NaN,0,236.25,0,0,0,0,0,0,NaN,NaN,NaN,NaN,31.86550015,58.44957228,0,236.25,0,0,0,0,0,0,NaN,NaN,NaN,NaN,31.86550015,58.44957228
2.859997,,0.07751586,0.1310935,-0.01737946,0.00675153,0.002923926,0.002242136,-0.8971361,0.429012,-0.3460782,0,236.25,NaN,NaN,NaN,NaN,NaN,NaN,NaN,NaN,0,236.25,0,0,0,0,0,0,NaN,NaN,NaN,NaN,31.86550015,58.44957228,0,236.25,0,0,0,0,0,0,NaN,NaN,NaN,NaN,31.86550015,58.44957228
2.869999,,-0.01238257,0.1151068,-0.07773311,0.000452258,-0.004565246,0.001141142,-0.8954388,0.4280877,-0.3460639,0,236.25,NaN,NaN,NaN,NaN,NaN,NaN,NaN,NaN,0,236.25,0,0,0,0,0,0,NaN,NaN,NaN,NaN,31.86550015,58.44957228,0,236.25,0,0,0,0,0,0,NaN,NaN,NaN,NaN,31.86550015,58.44957228
2.879997,,-0.01238257,0.1151068,-0.07773311,0.000452258,-0.004565246,0.001141142,-0.8954388,0.4280877,-0.3460639,0,236.25,NaN,NaN,NaN,NaN,NaN,NaN,NaN,NaN,0,236.25,0,0,0,0,0,0,NaN,NaN,NaN,NaN,31.86550015,58.44957228,0,236.25,0,0,0,0,0,0,NaN,NaN,NaN,NaN,31.86550015,58.44957228
2.889999,,-0.1223617,0.07685403,-0.01212897,0.001435354,0.001818411,-0.003165986,-0.894397,0.4265873,-0.3474573,0,236.25,NaN,NaN,NaN,NaN,NaN,NaN,NaN,NaN,0,236.25,0,0,0,0,0,0,NaN,NaN,NaN,NaN,31.86550015,58.44957228,0,236.25,0,0,0,0,0,0,NaN,NaN,NaN,NaN,31.86550015,58.44957228
2.899998,,0.03942862,0.1833967,-0.01537888,-0.002776481,-0.000306029,2.79E-05,-0.8946737,0.4264658,-0.3472806,0,236.25,NaN,NaN,NaN,NaN,NaN,NaN,NaN,NaN,0,236.25,0,0,0,0,0,0,NaN,NaN,NaN,NaN,31.86550015,58.44957228,0,236.25,0,0,0,0,0,0,NaN,NaN,NaN,NaN,31.86550015,58.44957228
2.91,,0.01131173,0.09712128,-0.01706398,-0.001801994,-0.000353355,1.73E-05,-0.8948344,0.425499,-0.3476244,0,236.25,NaN,NaN,NaN,NaN,NaN,NaN,NaN,NaN,0,236.25,0,0,0,0,0,0,NaN,NaN,NaN,NaN,31.86550015,58.44957228,0,236.25,0,0,0,0,0,0,NaN,NaN,NaN,NaN,31.86550015,58.44957228
2.919998,,0.01131173,0.09712128,-0.01706398,-0.001801994,-0.000353355,1.73E-05,-0.8948344,0.425499,-0.3476244,0,236.25,NaN,NaN,NaN,NaN,NaN,NaN,NaN,NaN,0,236.25,0,0,0,0,0,0,NaN,NaN,NaN,NaN,31.86550015,58.44957228,0,236.25,0,0,0,0,0,0,NaN,NaN,NaN,NaN,31.86550015,58.44957228
2.929996,,-0.09804302,0.04843829,-0.01373163,0.000410385,0.001783177,0.001128576,-0.8959182,0.4259117,-0.3476477,0,236.25,NaN,NaN,NaN,NaN,NaN,NaN,NaN,NaN,0,236.25,0,0,0,0,0,0,NaN,NaN,NaN,NaN,31.86550015,58.44957228,0,236.25,0,0,0,0,0,0,NaN,NaN,NaN,NaN,31.86550015,58.44957228
2.939999,,0.09765366,0.03549128,-0.02691771,-0.001800265,-0.001438819,0.003223055,-0.8970909,0.4238504,-0.3468735,0,236.25,NaN,NaN,NaN,NaN,NaN,NaN,NaN,NaN,0,236.25,0,0,0,0,0,0,NaN,NaN,NaN,NaN,31.86550015,58.44957228,0,236.25,0,0,0,0,0,0,NaN,NaN,NaN,NaN,31.86550015,58.44957228
2.939999,0,,,,,,,,,,,,,,,,,,,,,,,,,,,,,,,,,,,,,,,,,,,,,,,
